settlement,rrp,demand
2026-08-24 11:00:00,6.42,5323.65
2026-08-24 11:05:00,17.09,5518.87
2026-08-24 11:10:00,17.09,5665.41
2026-08-24 11:15:00,6.42,5689.75
2026-08-24 11:20:00,10.65006,5712.18
2026-08-24 11:25:00,10.5,5802.46
2026-08-24 11:30:00,16.04,5574.4
2026-08-24 11:35:00,10.65006,5588.49
2026-08-24 11:40:00,6.42,5576.51
2026-08-24 11:45:00,10.65006,5671.51
2026-08-24 11:50:00,10.65,5615.43
2026-08-24 11:55:00,10.65,5699.15
2026-08-24 12:00:00,4.42,5582.2
2026-08-24 12:05:00,6.42,5481.87
2026-08-24 12:10:00,10.5,5298.82
2026-08-24 12:15:00,6.42,5322.26
2026-08-24 12:20:00,6.42,5117.9
2026-08-24 12:25:00,6.42,5290.18
2026-08-24 12:30:00,8.94,5123.39
2026-08-24 12:35:00,19.2049,5136.94
2026-08-24 12:40:00,7.93996,5064.91
2026-08-24 12:45:00,6.42,5016.58
2026-08-24 12:50:00,8.94,4982.63
2026-08-24 12:55:00,6.42,4917.36
2026-08-24 13:00:00,10.50017,4986.26
2026-08-24 13:05:00,10.65,5019.11
2026-08-24 13:10:00,10.5,4950.52
2026-08-24 13:15:00,26.62598,5057.09
2026-08-24 13:20:00,12.5,5051.23
2026-08-24 13:25:00,13.56317,5077.65
2026-08-24 13:30:00,22.93846,5071.38
2026-08-24 13:35:00,13.48603,5109.7
2026-08-24 13:40:00,24.82001,5193.21
2026-08-24 13:45:00,25.32853,5248.61
2026-08-24 13:50:00,19.18,5268.59
2026-08-24 13:55:00,19.18,5366.34
2026-08-24 14:00:00,20.88,5395.22
2026-08-24 14:05:00,28.40652,5381.24
2026-08-24 14:10:00,34.0,5290.14
2026-08-24 14:15:00,25.61692,5467.94
2026-08-24 14:20:00,27.42,5350.05
2026-08-24 14:25:00,31.45,5457.21
2026-08-24 14:30:00,29.08719,5433.32
2026-08-24 14:35:00,30.62,5364.74
2026-08-24 14:40:00,33.75,5369.89
2026-08-24 14:45:00,33.75,5354.42
2026-08-24 14:50:00,59.28885,5291.73
2026-08-24 14:55:00,64.01,5205.5
2026-08-24 15:00:00,48.42,5341.36
2026-08-24 15:05:00,79.72006,5285.59
2026-08-24 15:10:00,86.76,5244.28
2026-08-24 15:15:00,81.68,5444.89
2026-08-24 15:20:00,119.12112,5428.93
2026-08-24 15:25:00,106.07784,5419.66
2026-08-24 15:30:00,79.72001,5453.45
2026-08-24 15:35:00,61.51,5590.36
2026-08-24 15:40:00,76.79102,5613.52
2026-08-24 15:45:00,76.80759,5609.39
2026-08-24 15:50:00,89.0,5611.85
2026-08-24 15:55:00,107.8,5731.53
2026-08-24 16:00:00,96.46261,5782.54
2026-08-24 16:05:00,72.93,5918.43
2026-08-24 16:10:00,119.58,5960.68
2026-08-24 16:15:00,114.14269,5958.66
2026-08-24 16:20:00,103.95,6100.98
2026-08-24 16:25:00,95.15823,6252.3
2026-08-24 16:30:00,100.42,6261.61
2026-08-24 16:35:00,100.42,6278.39
2026-08-24 16:40:00,100.53,6334.09
2026-08-24 16:45:00,103.01888,6341.88
2026-08-24 16:50:00,103.02793,6439.48
2026-08-24 16:55:00,110.12,6495.22
2026-08-24 17:00:00,132.68,6564.63
2026-08-24 17:05:00,98.85816,6567.45
2026-08-24 17:10:00,92.28786,6566.63
2026-08-24 17:15:00,110.5,6671.32
2026-08-24 17:20:00,113.274,6788.18
2026-08-24 17:25:00,117.55093,6767.6
2026-08-24 17:30:00,114.48,6808.37
2026-08-24 17:35:00,118.5,6921.49
2026-08-24 17:40:00,129.46,6963.98
2026-08-24 17:45:00,119.58,7046.0
2026-08-24 17:50:00,130.4,7106.98
2026-08-24 17:55:00,129.06,7079.41
2026-08-24 18:00:00,118.71853,7121.57
2026-08-24 18:05:00,114.48,7111.17
2026-08-24 18:10:00,114.48,7194.24
2026-08-24 18:15:00,117.35866,7230.01
2026-08-24 18:20:00,111.74338,7211.89
2026-08-24 18:25:00,114.48,7240.76
2026-08-24 18:30:00,119.58,7222.74
2026-08-24 18:35:00,114.48,7210.97
2026-08-24 18:40:00,114.48,7175.56
2026-08-24 18:45:00,116.61546,7173.74
2026-08-24 18:50:00,116.90446,7224.2
2026-08-24 18:55:00,104.89043,7224.62
2026-08-24 19:00:00,110.5,7185.96
2026-08-24 19:05:00,114.48,7161.21
2026-08-24 19:10:00,110.12,7109.49
2026-08-24 19:15:00,114.48,7089.73
2026-08-24 19:20:00,110.12,7026.58
2026-08-24 19:25:00,106.83473,7048.95
2026-08-24 19:30:00,102.94726,7051.8
2026-08-24 19:35:00,107.13355,7041.09
2026-08-24 19:40:00,99.36624,6947.19
2026-08-24 19:45:00,87.73388,6963.02
2026-08-24 19:50:00,91.34198,6946.11
2026-08-24 19:55:00,94.64946,6962.29
2026-08-24 20:00:00,90.5,6852.86
2026-08-24 20:05:00,92.09151,6797.04
2026-08-24 20:10:00,89.57526,6832.2
2026-08-24 20:15:00,87.96376,6805.25
2026-08-24 20:20:00,92.51694,6770.83
2026-08-24 20:25:00,90.00461,6703.25
2026-08-24 20:30:00,98.65733,6709.99
2026-08-24 20:35:00,103.5015,6643.96
2026-08-24 20:40:00,108.13801,6581.62
2026-08-24 20:45:00,106.58509,6507.13
2026-08-24 20:50:00,108.38823,6544.45
2026-08-24 20:55:00,108.13773,6471.94
2026-08-24 21:00:00,122.24247,6410.67
2026-08-24 21:05:00,129.06,6344.15
2026-08-24 21:10:00,114.48,6365.36
2026-08-24 21:15:00,133.30488,6349.24
2026-08-24 21:20:00,104.86184,6228.88
2026-08-24 21:25:00,114.25505,6284.78
2026-08-24 21:30:00,100.62467,6239.49
2026-08-24 21:35:00,129.06,6235.19
2026-08-24 21:40:00,140.66185,6244.55
2026-08-24 21:45:00,113.04685,6177.81
2026-08-24 21:50:00,90.5,6117.96
2026-08-24 21:55:00,86.48,6067.24
2026-08-24 22:00:00,71.25643,6043.08
2026-08-24 22:05:00,70.00144,5825.96
2026-08-24 22:10:00,68.23987,5784.51
2026-08-24 22:15:00,68.18126,5768.81
2026-08-24 22:20:00,86.48,5798.72
2026-08-24 22:25:00,68.65444,5771.08
2026-08-24 22:30:00,71.80042,5799.37
2026-08-24 22:35:00,73.35082,5750.02
2026-08-24 22:40:00,70.32,5658.95
2026-08-24 22:45:00,81.68,5947.0
2026-08-24 22:50:00,64.0,5850.76
2026-08-24 22:55:00,61.74459,5621.3
2026-08-24 23:00:00,70.32,5720.8
2026-08-24 23:05:00,81.57104,5800.38
2026-08-24 23:10:00,80.88677,5795.25
2026-08-24 23:15:00,82.06466,5732.8
2026-08-24 23:20:00,70.32,5692.88
2026-08-24 23:25:00,78.42,5728.23
2026-08-24 23:30:00,78.42,5765.91
2026-08-24 23:35:00,70.32,5566.04
2026-08-24 23:40:00,84.50419,5588.56
2026-08-24 23:45:00,70.32,5509.72
2026-08-24 23:50:00,86.78,5504.39
2026-08-24 23:55:00,90.5,5483.24
2026-08-25 00:00:00,89.18646,5463.6
2026-08-25 00:05:00,90.5,5509.53
2026-08-25 00:10:00,95.52727,5461.11
2026-08-25 00:15:00,100.42,5543.16
2026-08-25 00:20:00,100.42,5598.98
2026-08-25 00:25:00,97.83169,5619.67
2026-08-25 00:30:00,94.5192,5480.66
2026-08-25 00:35:00,94.52919,5502.63
2026-08-25 00:40:00,106.15594,5501.33
2026-08-25 00:45:00,132.68,5416.59
2026-08-25 00:50:00,90.66591,5292.58
2026-08-25 00:55:00,78.2173,5228.99
2026-08-25 01:00:00,90.5,5309.02
2026-08-25 01:05:00,78.31448,5259.37
2026-08-25 01:10:00,97.01729,5242.04
2026-08-25 01:15:00,92.35982,5335.78
2026-08-25 01:20:00,86.50388,5302.62
2026-08-25 01:25:00,77.54751,5246.29
2026-08-25 01:30:00,78.87103,5314.4
2026-08-25 01:35:00,81.68,5311.59
2026-08-25 01:40:00,84.87042,5228.16
2026-08-25 01:45:00,75.8154,5193.61
2026-08-25 01:50:00,94.48386,5216.09
2026-08-25 01:55:00,78.42,5359.19
2026-08-25 02:00:00,78.42,5316.8
2026-08-25 02:05:00,89.37572,5215.44
2026-08-25 02:10:00,93.32142,5193.87
2026-08-25 02:15:00,81.66,5146.86
2026-08-25 02:20:00,89.13851,5167.95
2026-08-25 02:25:00,80.01033,5235.52
2026-08-25 02:30:00,81.66,5204.1
2026-08-25 02:35:00,90.77243,5177.48
2026-08-25 02:40:00,89.79815,5093.51
2026-08-25 02:45:00,94.96342,5116.06
2026-08-25 02:50:00,81.65,5207.72
2026-08-25 02:55:00,86.27,5085.06
2026-08-25 03:00:00,95.4648,5285.36
2026-08-25 03:05:00,89.14767,5122.39
2026-08-25 03:10:00,81.57,5099.51
2026-08-25 03:15:00,89.81647,5172.6
2026-08-25 03:20:00,88.88883,5125.33
2026-08-25 03:25:00,86.27,5194.42
2026-08-25 03:30:00,89.04504,5138.25
2026-08-25 03:35:00,86.11758,5102.5
2026-08-25 03:40:00,87.49651,5132.01
2026-08-25 03:45:00,87.46201,5140.2
2026-08-25 03:50:00,86.27,5102.68
2026-08-25 03:55:00,81.68,5203.02
2026-08-25 04:00:00,86.27,5245.88
2026-08-25 04:05:00,93.61,5312.67
2026-08-25 04:10:00,93.61,5174.22
2026-08-25 04:15:00,93.61,5261.07
2026-08-25 04:20:00,95.09572,5267.3
2026-08-25 04:25:00,93.61,5266.22
2026-08-25 04:30:00,96.36533,5339.72
2026-08-25 04:35:00,93.61,5365.3
2026-08-25 04:40:00,93.61,5368.77
2026-08-25 04:45:00,95.17857,5427.01
2026-08-25 04:50:00,94.57899,5367.41
2026-08-25 04:55:00,93.61,5467.92
2026-08-25 05:00:00,96.08369,5464.43
2026-08-25 05:05:00,94.6048,5474.49
2026-08-25 05:10:00,116.31,5628.81
2026-08-25 05:15:00,94.32611,5558.64
2026-08-25 05:20:00,93.61,5547.28
2026-08-25 05:25:00,132.76,5716.44
2026-08-25 05:30:00,93.61,5571.84
2026-08-25 05:35:00,93.61,5497.75
2026-08-25 05:40:00,93.61,5507.97
2026-08-25 05:45:00,93.61,5636.78
2026-08-25 05:50:00,95.55261,5610.7
2026-08-25 05:55:00,93.61,5687.02
2026-08-25 06:00:00,135.48,5736.95
2026-08-25 06:05:00,92.36561,5694.81
2026-08-25 06:10:00,97.49407,5784.64
2026-08-25 06:15:00,98.04666,5912.35
2026-08-25 06:20:00,100.25982,5890.57
2026-08-25 06:25:00,104.3769,6038.0
2026-08-25 06:30:00,100.37828,6113.59
2026-08-25 06:35:00,96.54288,6213.29
2026-08-25 06:40:00,90.5,6306.25
2026-08-25 06:45:00,97.80036,6368.34
2026-08-25 06:50:00,97.5287,6453.24
2026-08-25 06:55:00,97.14183,6499.52
2026-08-25 07:00:00,97.19532,6516.2
2026-08-25 07:05:00,97.82492,6583.51
2026-08-25 07:10:00,99.48,6642.89
2026-08-25 07:15:00,99.48,6722.88
2026-08-25 07:20:00,107.68,6831.71
2026-08-25 07:25:00,110.12,6894.72
2026-08-25 07:30:00,99.48,6917.93
2026-08-25 07:35:00,99.48,6964.22
2026-08-25 07:40:00,99.48,7003.84
2026-08-25 07:45:00,99.48,6982.91
2026-08-25 07:50:00,97.26939,7034.02
2026-08-25 07:55:00,94.27071,6974.51
2026-08-25 08:00:00,89.01,6961.48
2026-08-25 08:05:00,96.656,7022.15
2026-08-25 08:10:00,96.6673,7071.18
2026-08-25 08:15:00,95.15956,7038.02
2026-08-25 08:20:00,95.74458,6978.52
2026-08-25 08:25:00,91.79077,6963.74
2026-08-25 08:30:00,92.93616,6977.1
2026-08-25 08:35:00,96.96256,6985.02
2026-08-25 08:40:00,97.89032,6965.72
2026-08-25 08:45:00,88.02,6880.21
2026-08-25 08:50:00,91.84471,6874.17
2026-08-25 08:55:00,95.13719,6844.28
2026-08-25 09:00:00,83.5,6828.5
2026-08-25 09:05:00,96.63501,6821.3
2026-08-25 09:10:00,97.87145,6841.21
2026-08-25 09:15:00,83.5,6700.55
2026-08-25 09:20:00,96.31306,6696.29
2026-08-25 09:25:00,96.00909,6677.29
2026-08-25 09:30:00,89.0,6623.71
2026-08-25 09:35:00,96.89756,6554.95
2026-08-25 09:40:00,95.67059,6432.59
2026-08-25 09:45:00,98.43568,6426.13
2026-08-25 09:50:00,96.87142,6376.43
2026-08-25 09:55:00,86.10799,6240.92
2026-08-25 10:00:00,78.42,6405.63
2026-08-25 10:05:00,88.15072,6293.34
2026-08-25 10:10:00,78.42,6349.56
2026-08-25 10:15:00,80.92,6250.63
2026-08-25 10:20:00,84.93694,6126.52
2026-08-25 10:25:00,90.5,6202.83
2026-08-25 10:30:00,90.5,6141.67
2026-08-25 10:35:00,78.42,6248.71
2026-08-25 10:40:00,78.42,6112.0
2026-08-25 10:45:00,78.42,6242.13
2026-08-25 10:50:00,90.5,6130.39
2026-08-25 10:55:00,90.5,6260.64
2026-08-25 11:00:00,78.42,6534.19
2026-08-25 11:05:00,78.42,6404.91
2026-08-25 11:10:00,97.5314,6418.81
2026-08-25 11:15:00,99.48,6532.93
2026-08-25 11:20:00,97.24512,6616.67
2026-08-25 11:25:00,86.41566,6626.9
2026-08-25 11:30:00,86.30855,6607.42
2026-08-25 11:35:00,99.27475,6601.97
2026-08-25 11:40:00,99.34016,6610.73
2026-08-25 11:45:00,90.5,6666.27
2026-08-25 11:50:00,86.1367,6546.67
2026-08-25 11:55:00,79.71,6566.52
2026-08-25 12:00:00,80.36483,6463.88
2026-08-25 12:05:00,96.90456,6382.53
2026-08-25 12:10:00,98.15073,6503.42
2026-08-25 12:15:00,97.52908,6416.65
2026-08-25 12:20:00,97.52858,6389.91
2026-08-25 12:25:00,79.71,6409.33
2026-08-25 12:30:00,80.12172,6442.86
2026-08-25 12:35:00,83.59162,6419.73
2026-08-25 12:40:00,80.40967,6434.83
2026-08-25 12:45:00,90.5,6370.72
2026-08-25 12:50:00,90.5,6346.29
2026-08-25 12:55:00,93.61,6360.68
2026-08-25 13:00:00,93.61,6338.56
2026-08-25 13:05:00,96.06924,6267.62
2026-08-25 13:10:00,96.72053,6309.97
2026-08-25 13:15:00,99.02294,6289.75
2026-08-25 13:20:00,101.15691,6508.99
2026-08-25 13:25:00,99.64,6318.81
2026-08-25 13:30:00,100.11017,6296.03
2026-08-25 13:35:00,117.4605,6310.43
2026-08-25 13:40:00,100.10497,6409.25
2026-08-25 13:45:00,100.44102,6438.68
2026-08-25 13:50:00,130.19644,6493.34
2026-08-25 13:55:00,129.02604,6489.51
2026-08-25 14:00:00,114.01165,6346.14
2026-08-25 14:05:00,103.04232,6251.81
2026-08-25 14:10:00,99.52785,6361.74
2026-08-25 14:15:00,96.42054,6282.53
2026-08-25 14:20:00,96.73878,6360.89
2026-08-25 14:25:00,96.82151,6381.86
2026-08-25 14:30:00,97.13322,6429.55
2026-08-25 14:35:00,95.61589,6406.42
2026-08-25 14:40:00,96.42,6384.62
2026-08-25 14:45:00,95.60559,6345.89
2026-08-25 14:50:00,96.42,6278.91
2026-08-25 14:55:00,97.65209,6347.16
2026-08-25 15:00:00,99.6814,6308.66
2026-08-25 15:05:00,97.12539,6409.92
2026-08-25 15:10:00,99.13882,6381.54
2026-08-25 15:15:00,98.35856,6343.65
2026-08-25 15:20:00,96.48498,6258.17
2026-08-25 15:25:00,102.75,6249.86
2026-08-25 15:30:00,101.78275,6295.58
2026-08-25 15:35:00,100.45,6384.74
2026-08-25 15:40:00,102.60278,6378.2
2026-08-25 15:45:00,102.3694,6391.7
2026-08-25 15:50:00,109.0585,6403.31
2026-08-25 15:55:00,106.34596,6422.74
2026-08-25 16:00:00,110.58111,6340.55
2026-08-25 16:05:00,96.42,6305.51
2026-08-25 16:10:00,104.11272,6291.35
2026-08-25 16:15:00,118.60732,6325.22
2026-08-25 16:20:00,121.13452,6355.41
2026-08-25 16:25:00,130.48258,6440.66
2026-08-25 16:30:00,127.38875,6481.37
2026-08-25 16:35:00,108.21405,6412.49
2026-08-25 16:40:00,108.17446,6471.12
2026-08-25 16:45:00,110.5,6481.57
2026-08-25 16:50:00,115.84488,6681.4
2026-08-25 16:55:00,122.38903,6758.48
2026-08-25 17:00:00,123.95217,6754.54
2026-08-25 17:05:00,124.0,6875.39
2026-08-25 17:10:00,121.65075,6863.09
2026-08-25 17:15:00,163.24,6971.03
2026-08-25 17:20:00,126.49984,6968.34
2026-08-25 17:25:00,152.79528,6933.65
2026-08-25 17:30:00,137.34501,7026.5
2026-08-25 17:35:00,154.39794,7093.4
2026-08-25 17:40:00,153.35942,7019.29
2026-08-25 17:45:00,129.73607,7137.89
2026-08-25 17:50:00,162.11,7225.01
2026-08-25 17:55:00,119.35933,7293.74
2026-08-25 18:00:00,117.36176,7350.74
2026-08-25 18:05:00,106.20806,7301.64
2026-08-25 18:10:00,110.5,7436.29
2026-08-25 18:15:00,96.09122,7360.21
2026-08-25 18:20:00,90.83,7430.91
2026-08-25 18:25:00,88.34525,7382.75
2026-08-25 18:30:00,90.83,7566.15
2026-08-25 18:35:00,102.39567,7604.84
2026-08-25 18:40:00,103.10899,7513.58
2026-08-25 18:45:00,85.48931,7321.35
2026-08-25 18:50:00,99.48,7332.26
2026-08-25 18:55:00,109.05172,7301.77
2026-08-25 19:00:00,106.63437,7249.77
2026-08-25 19:05:00,109.28701,7269.41
2026-08-25 19:10:00,102.62509,7148.29
2026-08-25 19:15:00,106.58405,7194.4
2026-08-25 19:20:00,106.60834,7201.78
2026-08-25 19:25:00,110.08069,7159.54
2026-08-25 19:30:00,110.12,7149.97
2026-08-25 19:35:00,104.84422,7072.35
2026-08-25 19:40:00,104.80146,7112.52
2026-08-25 19:45:00,105.66249,7137.48
2026-08-25 19:50:00,99.48,7030.18
2026-08-25 19:55:00,105.90838,7059.79
2026-08-25 20:00:00,99.48,7018.59
2026-08-25 20:05:00,104.55337,6975.94
2026-08-25 20:10:00,102.39648,6944.74
2026-08-25 20:15:00,100.84077,6832.47
2026-08-25 20:20:00,103.68965,6836.23
2026-08-25 20:25:00,102.93977,6864.31
2026-08-25 20:30:00,93.55042,6805.29
2026-08-25 20:35:00,101.91989,6737.86
2026-08-25 20:40:00,105.95506,6768.11
2026-08-25 20:45:00,103.93445,6714.17
2026-08-25 20:50:00,104.17213,6669.11
2026-08-25 20:55:00,104.13185,6595.02
2026-08-25 21:00:00,100.59942,6543.54
2026-08-25 21:05:00,100.97566,6510.17
2026-08-25 21:10:00,100.96269,6545.48
2026-08-25 21:15:00,99.48,6493.45
2026-08-25 21:20:00,92.64305,6457.3
2026-08-25 21:25:00,89.71537,6447.01
2026-08-25 21:30:00,86.51805,6430.45
2026-08-25 21:35:00,85.87847,6365.0
2026-08-25 21:40:00,81.68,6301.0
2026-08-25 21:45:00,79.76382,6276.43
2026-08-25 21:50:00,80.50202,6265.95
2026-08-25 21:55:00,76.56108,6365.05
2026-08-25 22:00:00,52.35,6266.88
2026-08-25 22:05:00,78.42,6538.56
2026-08-25 22:10:00,80.15139,6466.33
2026-08-25 22:15:00,64.0,6263.09
2026-08-25 22:20:00,78.42,6445.72
2026-08-25 22:25:00,76.18671,6404.32
2026-08-25 22:30:00,65.4103,6216.16
2026-08-25 22:35:00,74.11959,6362.89
2026-08-25 22:40:00,73.3145,6228.13
2026-08-25 22:45:00,63.62714,6211.34
2026-08-25 22:50:00,64.0,6158.05
2026-08-25 22:55:00,71.8524,6239.58
2026-08-25 23:00:00,35.24,5968.22
2026-08-25 23:05:00,69.7009,6062.94
2026-08-25 23:10:00,78.42,6248.26
2026-08-25 23:15:00,52.35,6097.49
2026-08-25 23:20:00,64.0,6111.14
2026-08-25 23:25:00,78.16846,6092.66
2026-08-25 23:30:00,64.0,6117.96
2026-08-25 23:35:00,80.37634,6209.38
2026-08-25 23:40:00,58.31,6075.55
2026-08-25 23:45:00,12.5,5814.21
2026-08-25 23:50:00,12.5,5996.8
2026-08-25 23:55:00,41.22,5994.29
2026-08-26 00:00:00,64.52818,5989.9
2026-08-26 00:05:00,78.42,5974.32
2026-08-26 00:10:00,58.31,5736.49
2026-08-26 00:15:00,41.2,5577.68
2026-08-26 00:20:00,48.90279,5555.48
2026-08-26 00:25:00,64.0,5660.52
2026-08-26 00:30:00,72.93413,5671.55
2026-08-26 00:35:00,55.12,5599.34
2026-08-26 00:40:00,54.88,5538.91
2026-08-26 00:45:00,58.31,5525.24
2026-08-26 00:50:00,43.51377,5475.55
2026-08-26 00:55:00,76.27433,5462.84
2026-08-26 01:00:00,78.23867,5396.79
2026-08-26 01:05:00,77.65942,5382.89
2026-08-26 01:10:00,58.31,5484.07
2026-08-26 01:15:00,79.06532,5451.42
2026-08-26 01:20:00,80.81962,5238.95
2026-08-26 01:25:00,88.35736,5279.57
2026-08-26 01:30:00,88.31122,5258.03
2026-08-26 01:35:00,81.43124,5171.07
2026-08-26 01:40:00,88.26961,5214.24
2026-08-26 01:45:00,86.55589,5208.83
2026-08-26 01:50:00,88.94664,5174.84
2026-08-26 01:55:00,85.85653,5120.04
2026-08-26 02:00:00,79.71,5050.1
2026-08-26 02:05:00,93.61,4933.67
2026-08-26 02:10:00,93.61,4949.77
2026-08-26 02:15:00,93.61,4955.86
2026-08-26 02:20:00,93.61,4861.76
2026-08-26 02:25:00,93.61,4955.32
2026-08-26 02:30:00,86.84104,4918.67
2026-08-26 02:35:00,86.51239,5007.18
2026-08-26 02:40:00,81.64,5040.45
2026-08-26 02:45:00,78.42,5113.6
2026-08-26 02:50:00,78.42,5077.61
2026-08-26 02:55:00,78.42,5092.83
2026-08-26 03:00:00,83.682,5122.77
2026-08-26 03:05:00,78.42,5044.63
2026-08-26 03:10:00,64.0,5114.58
2026-08-26 03:15:00,64.0,5088.47
2026-08-26 03:20:00,64.0,5071.55
2026-08-26 03:25:00,78.42,5012.36
2026-08-26 03:30:00,86.27,5127.24
2026-08-26 03:35:00,86.27,5042.06
2026-08-26 03:40:00,78.42,5028.32
2026-08-26 03:45:00,86.27,5026.96
2026-08-26 03:50:00,78.42,4929.75
2026-08-26 03:55:00,78.42,4893.37
2026-08-26 04:00:00,78.42,4859.52
2026-08-26 04:05:00,83.92839,4863.54
2026-08-26 04:10:00,100.12877,4894.62
2026-08-26 04:15:00,100.38086,4888.52
2026-08-26 04:20:00,105.06558,4830.09
2026-08-26 04:25:00,94.43458,4823.71
2026-08-26 04:30:00,94.68636,4864.01
2026-08-26 04:35:00,86.05441,4902.13
2026-08-26 04:40:00,94.05524,4910.45
2026-08-26 04:45:00,92.95827,4872.56
2026-08-26 04:50:00,93.96713,4890.77
2026-08-26 04:55:00,100.98584,4894.99
2026-08-26 05:00:00,105.74259,4917.11
2026-08-26 05:05:00,89.52964,4929.57
2026-08-26 05:10:00,98.50326,5004.58
2026-08-26 05:15:00,95.4215,5070.05
2026-08-26 05:20:00,93.93414,5099.97
2026-08-26 05:25:00,101.17225,5140.4
2026-08-26 05:30:00,110.19106,5206.41
2026-08-26 05:35:00,83.64562,5240.83
2026-08-26 05:40:00,93.57582,5302.78
2026-08-26 05:45:00,93.52388,5356.37
2026-08-26 05:50:00,105.474,5414.84
2026-08-26 05:55:00,97.40087,5470.74
2026-08-26 06:00:00,109.77786,5532.68
2026-08-26 06:05:00,108.76542,5582.07
2026-08-26 06:10:00,111.61454,5702.99
2026-08-26 06:15:00,110.727,5825.26
2026-08-26 06:20:00,124.56565,5897.7
2026-08-26 06:25:00,110.15011,5979.72
2026-08-26 06:30:00,109.48,6059.92
2026-08-26 06:35:00,115.63781,6160.51
2026-08-26 06:40:00,111.18527,6305.96
2026-08-26 06:45:00,118.86769,6395.38
2026-08-26 06:50:00,109.81042,6445.82
2026-08-26 06:55:00,119.58,6531.79
2026-08-26 07:00:00,114.10929,6596.67
2026-08-26 07:05:00,119.58,6677.06
2026-08-26 07:10:00,116.41077,6677.18
2026-08-26 07:15:00,119.58,6769.49
2026-08-26 07:20:00,119.86595,6848.46
2026-08-26 07:25:00,124.95184,6865.52
2026-08-26 07:30:00,116.9077,6894.3
2026-08-26 07:35:00,96.12,6870.19
2026-08-26 07:40:00,97.74088,6942.49
2026-08-26 07:45:00,96.12,6939.53
2026-08-26 07:50:00,96.12,6886.97
2026-08-26 07:55:00,89.01,6832.66
2026-08-26 08:00:00,86.67,6780.75
2026-08-26 08:05:00,77.15299,6730.82
2026-08-26 08:10:00,70.95752,6667.73
2026-08-26 08:15:00,55.67,6596.82
2026-08-26 08:20:00,55.67,6515.84
2026-08-26 08:25:00,65.52849,6451.73
2026-08-26 08:30:00,49.82,6346.24
2026-08-26 08:35:00,52.50266,6272.27
2026-08-26 08:40:00,53.54974,6232.16
2026-08-26 08:45:00,64.11062,6180.11
2026-08-26 08:50:00,62.41419,6192.43
2026-08-26 08:55:00,72.74563,6076.18
2026-08-26 09:00:00,41.48,5984.49
2026-08-26 09:05:00,41.22,5983.96
2026-08-26 09:10:00,49.97489,6044.67
2026-08-26 09:15:00,45.84058,6115.29
2026-08-26 09:20:00,43.94608,6086.76
2026-08-26 09:25:00,55.42,5983.42
2026-08-26 09:30:00,46.24336,5996.46
2026-08-26 09:35:00,20.68,5891.05
2026-08-26 09:40:00,55.42,5746.21
2026-08-26 09:45:00,26.42,5759.37
2026-08-26 09:50:00,26.42,5620.41
2026-08-26 09:55:00,30.6411,5653.1
2026-08-26 10:00:00,28.72728,5713.26
2026-08-26 10:05:00,43.06282,5678.6
2026-08-26 10:10:00,34.0,5810.18
2026-08-26 10:15:00,30.63515,5539.08
2026-08-26 10:20:00,31.10133,5640.28
2026-08-26 10:25:00,35.24,5616.16
2026-08-26 10:30:00,41.22,5685.5
2026-08-26 10:35:00,52.35,5564.14
2026-08-26 10:40:00,55.42,5319.74
2026-08-26 10:45:00,41.22,5549.22
2026-08-26 10:50:00,41.22,5596.66
2026-08-26 10:55:00,35.70005,5531.99
2026-08-26 11:00:00,26.42,5433.97
2026-08-26 11:05:00,50.94,5336.19
2026-08-26 11:10:00,50.94,5530.17
2026-08-26 11:15:00,50.94,5482.31
2026-08-26 11:20:00,49.78942,5418.48
2026-08-26 11:25:00,55.42,5308.9
2026-08-26 11:30:00,55.42,5425.31
2026-08-26 11:35:00,55.42,5404.23
2026-08-26 11:40:00,55.12,5470.54
2026-08-26 11:45:00,55.12,5461.34
2026-08-26 11:50:00,30.43847,5550.35
2026-08-26 11:55:00,50.94,5508.61
2026-08-26 12:00:00,55.42,5445.65
2026-08-26 12:05:00,50.94,5476.18
2026-08-26 12:10:00,58.31,5334.7
2026-08-26 12:15:00,55.42,5502.69
2026-08-26 12:20:00,55.42,5335.65
2026-08-26 12:25:00,55.42,5381.48
2026-08-26 12:30:00,55.12,5456.15
2026-08-26 12:35:00,55.12,5430.73
2026-08-26 12:40:00,55.12,5422.83
2026-08-26 12:45:00,76.92,5242.26
2026-08-26 12:50:00,55.42,5264.06
2026-08-26 12:55:00,68.39272,5187.68
2026-08-26 13:00:00,55.12,5264.59
2026-08-26 13:05:00,78.42,4990.82
2026-08-26 13:10:00,64.0,5152.73
2026-08-26 13:15:00,71.42,5114.41
2026-08-26 13:20:00,78.42,5115.64
2026-08-26 13:25:00,74.93,5278.34
2026-08-26 13:30:00,71.42,5143.99
2026-08-26 13:35:00,70.68,5230.0
2026-08-26 13:40:00,78.42,5205.22
2026-08-26 13:45:00,78.42,5158.35
2026-08-26 13:50:00,71.42,5218.94
2026-08-26 13:55:00,86.27,5117.72
2026-08-26 14:00:00,86.27,5197.64
2026-08-26 14:05:00,52.35,5490.14
2026-08-26 14:10:00,52.35,5360.82
2026-08-26 14:15:00,55.12,5439.91
2026-08-26 14:20:00,41.48,5383.38
2026-08-26 14:25:00,31.67169,5366.81
2026-08-26 14:30:00,31.15258,5337.97
2026-08-26 14:35:00,35.24,5230.65
2026-08-26 14:40:00,44.8727,5255.58
2026-08-26 14:45:00,28.21456,5141.59
2026-08-26 14:50:00,30.68884,5324.63
2026-08-26 14:55:00,19.18,5177.52
2026-08-26 15:00:00,-3.5,4937.42
2026-08-26 15:05:00,0.00015,4899.24
2026-08-26 15:10:00,-0.92555,4818.85
2026-08-26 15:15:00,-1.99977,4899.89
2026-08-26 15:20:00,10.50045,4895.1
2026-08-26 15:25:00,12.70994,4913.83
2026-08-26 15:30:00,7.88918,4920.43
2026-08-26 15:35:00,1e-05,4834.83
2026-08-26 15:40:00,-1e-05,4862.28
2026-08-26 15:45:00,24.05221,4834.2
2026-08-26 15:50:00,29.0424,4915.11
2026-08-26 15:55:00,38.6681,4966.69
2026-08-26 16:00:00,41.06872,5050.86
2026-08-26 16:05:00,57.59738,5175.18
2026-08-26 16:10:00,71.99472,5214.97
2026-08-26 16:15:00,73.55342,5423.48
2026-08-26 16:20:00,58.61552,5430.59
2026-08-26 16:25:00,67.49934,5521.09
2026-08-26 16:30:00,86.02785,5615.66
2026-08-26 16:35:00,76.36962,5787.75
2026-08-26 16:40:00,84.22037,5784.12
2026-08-26 16:45:00,90.987,5861.37
2026-08-26 16:50:00,95.44896,5965.84
2026-08-26 16:55:00,110.13006,6050.77
2026-08-26 17:00:00,118.5,6121.49
2026-08-26 17:05:00,97.15378,6276.19
2026-08-26 17:10:00,109.73384,6354.71
2026-08-26 17:15:00,118.5,6443.63
2026-08-26 17:20:00,139.0,6566.15
2026-08-26 17:25:00,139.0,6627.08
2026-08-26 17:30:00,135.64503,6719.63
2026-08-26 17:35:00,117.41444,6848.49
2026-08-26 17:40:00,112.934,6936.62
2026-08-26 17:45:00,128.7211,7090.53
2026-08-26 17:50:00,131.06287,7099.98
2026-08-26 17:55:00,138.65013,7210.48
2026-08-26 18:00:00,125.73432,7190.54
2026-08-26 18:05:00,118.79366,7255.93
2026-08-26 18:10:00,118.5,7300.9
2026-08-26 18:15:00,158.42354,7361.37
2026-08-26 18:20:00,132.48,7499.27
2026-08-26 18:25:00,126.58,7416.51
2026-08-26 18:30:00,155.48,7509.02
2026-08-26 18:35:00,143.16534,7475.22
2026-08-26 18:40:00,123.97,7473.75
2026-08-26 18:45:00,139.0,7567.46
2026-08-26 18:50:00,140.53058,7590.31
2026-08-26 18:55:00,134.51,7587.16
2026-08-26 19:00:00,134.51,7581.12
2026-08-26 19:05:00,131.7504,7496.16
2026-08-26 19:10:00,122.06049,7445.66
2026-08-26 19:15:00,113.34711,7408.27
2026-08-26 19:20:00,122.09479,7463.99
2026-08-26 19:25:00,130.7916,7413.1
2026-08-26 19:30:00,120.80772,7343.8
2026-08-26 19:35:00,130.43105,7363.8
2026-08-26 19:40:00,134.51,7408.57
2026-08-26 19:45:00,130.50224,7336.3
2026-08-26 19:50:00,119.86866,7267.39
2026-08-26 19:55:00,132.26768,7367.05
2026-08-26 20:00:00,119.83849,7318.46
2026-08-26 20:05:00,132.77,7314.98
2026-08-26 20:10:00,134.51,7225.71
2026-08-26 20:15:00,132.68,7196.45
2026-08-26 20:20:00,132.68,7141.32
2026-08-26 20:25:00,132.68,7093.34
2026-08-26 20:30:00,132.77,7106.46
2026-08-26 20:35:00,134.51,7115.55
2026-08-26 20:40:00,132.68,7066.61
2026-08-26 20:45:00,126.81232,7095.6
2026-08-26 20:50:00,130.5261,7069.1
2026-08-26 20:55:00,134.51,7001.84
2026-08-26 21:00:00,120.45676,6977.35
2026-08-26 21:05:00,129.16844,6872.84
2026-08-26 21:10:00,131.23571,6888.85
2026-08-26 21:15:00,126.46018,6863.44
2026-08-26 21:20:00,125.34008,6800.27
2026-08-26 21:25:00,134.51,6840.01
2026-08-26 21:30:00,132.48,6809.59
2026-08-26 21:35:00,132.68,6752.37
2026-08-26 21:40:00,128.50279,6707.96
2026-08-26 21:45:00,134.51,6594.93
2026-08-26 21:50:00,134.76,6646.54
2026-08-26 21:55:00,134.51,6569.06
2026-08-26 22:00:00,134.76,6540.25
2026-08-26 22:05:00,127.16341,6432.67
2026-08-26 22:10:00,155.48,6435.48
2026-08-26 22:15:00,139.01,6361.36
2026-08-26 22:20:00,136.98691,6370.0
2026-08-26 22:25:00,134.78353,6228.13
2026-08-26 22:30:00,132.68,6214.76
2026-08-26 22:35:00,135.46324,6245.34
2026-08-26 22:40:00,132.68,6183.47
2026-08-26 22:45:00,137.3949,6149.37
2026-08-26 22:50:00,137.27771,6091.63
2026-08-26 22:55:00,142.82238,6277.22
2026-08-26 23:00:00,127.97091,6046.36
2026-08-26 23:05:00,139.08853,6072.85
2026-08-26 23:10:00,134.93454,6054.77
2026-08-26 23:15:00,140.23834,6163.19
2026-08-26 23:20:00,124.64383,6089.72
2026-08-26 23:25:00,129.26803,6097.13
2026-08-26 23:30:00,128.80584,6020.57
2026-08-26 23:35:00,136.06543,6098.87
2026-08-26 23:40:00,136.12489,6028.28
2026-08-26 23:45:00,118.5,5987.44
2026-08-26 23:50:00,118.5,5886.36
2026-08-26 23:55:00,118.5,5851.07
2026-08-27 00:00:00,118.5,5895.9
2026-08-27 00:05:00,127.11537,5885.07
2026-08-27 00:10:00,127.69754,5823.72
2026-08-27 00:15:00,127.02419,5865.89
2026-08-27 00:20:00,118.5,5827.23
2026-08-27 00:25:00,118.5,5836.57
2026-08-27 00:30:00,118.5,5796.83
2026-08-27 00:35:00,118.5,5728.79
2026-08-27 00:40:00,131.39624,5698.79
2026-08-27 00:45:00,122.23125,5724.5
2026-08-27 00:50:00,133.31669,5706.21
2026-08-27 00:55:00,121.22587,5671.52
2026-08-27 01:00:00,123.04823,5652.12
2026-08-27 01:05:00,128.4202,5586.47
2026-08-27 01:10:00,152.56876,5591.68
2026-08-27 01:15:00,121.83354,5532.95
2026-08-27 01:20:00,129.2375,5552.73
2026-08-27 01:25:00,146.42,5597.71
2026-08-27 01:30:00,118.5,5534.01
2026-08-27 01:35:00,119.2248,5544.44
2026-08-27 01:40:00,140.62783,5567.12
2026-08-27 01:45:00,141.7381,5582.97
2026-08-27 01:50:00,119.33893,5447.93
2026-08-27 01:55:00,119.11885,5493.32
2026-08-27 02:00:00,126.27685,5540.48
2026-08-27 02:05:00,128.81691,5404.58
2026-08-27 02:10:00,126.62062,5270.97
2026-08-27 02:15:00,127.60083,5281.47
2026-08-27 02:20:00,127.56408,5304.31
2026-08-27 02:25:00,127.64443,5316.91
2026-08-27 02:30:00,146.42,5600.96
2026-08-27 02:35:00,129.50421,5363.48
2026-08-27 02:40:00,130.65212,5372.58
2026-08-27 02:45:00,128.52049,5303.21
2026-08-27 02:50:00,132.75747,5479.56
2026-08-27 02:55:00,122.36185,5480.25
2026-08-27 03:00:00,126.16466,5548.88
2026-08-27 03:05:00,125.11776,5466.48
2026-08-27 03:10:00,120.39352,5381.48
2026-08-27 03:15:00,146.42,5422.25
2026-08-27 03:20:00,146.42,5588.15
2026-08-27 03:25:00,146.42,5613.3
2026-08-27 03:30:00,146.42,5575.1
2026-08-27 03:35:00,131.21741,5519.78
2026-08-27 03:40:00,133.45,5485.59
2026-08-27 03:45:00,131.48217,5507.14
2026-08-27 03:50:00,124.28003,5424.17
2026-08-27 03:55:00,133.45,5516.27
2026-08-27 04:00:00,129.2267,5418.73
2026-08-27 04:05:00,133.45,5509.75
2026-08-27 04:10:00,135.72,5671.97
2026-08-27 04:15:00,135.72,5504.61
2026-08-27 04:20:00,135.72,5606.76
2026-08-27 04:25:00,133.72617,5510.68
2026-08-27 04:30:00,133.45,5570.6
2026-08-27 04:35:00,133.45,5555.49
2026-08-27 04:40:00,134.99985,5540.91
2026-08-27 04:45:00,144.01469,5522.16
2026-08-27 04:50:00,147.42,5677.46
2026-08-27 04:55:00,148.13357,5660.74
2026-08-27 05:00:00,147.42,5518.43
2026-08-27 05:05:00,147.42,5701.82
2026-08-27 05:10:00,147.42,5699.51
2026-08-27 05:15:00,166.08115,5641.9
2026-08-27 05:20:00,167.68,5655.97
2026-08-27 05:25:00,164.01,5609.76
2026-08-27 05:30:00,216.10748,5646.94
2026-08-27 05:35:00,212.60504,5675.76
2026-08-27 05:40:00,216.30828,5735.28
2026-08-27 05:45:00,181.03248,5771.64
2026-08-27 05:50:00,190.91561,5825.26
2026-08-27 05:55:00,191.72191,5917.77
2026-08-27 06:00:00,232.55,5987.85
2026-08-27 06:05:00,209.61,6101.77
2026-08-27 06:10:00,234.68836,6257.47
2026-08-27 06:15:00,209.61,6380.74
2026-08-27 06:20:00,257.13673,6411.46
2026-08-27 06:25:00,252.67,6508.13
2026-08-27 06:30:00,285.8011,6629.26
2026-08-27 06:35:00,297.21,6693.17
2026-08-27 06:40:00,299.44,6879.43
2026-08-27 06:45:00,298.94665,6890.1
2026-08-27 06:50:00,240.78,6924.04
2026-08-27 06:55:00,252.65,7072.51
2026-08-27 07:00:00,295.48,7207.05
2026-08-27 07:05:00,217.48,7217.53
2026-08-27 07:10:00,180.96,7250.14
2026-08-27 07:15:00,227.31117,7446.72
2026-08-27 07:20:00,224.17821,7522.98
2026-08-27 07:25:00,180.94,7517.28
2026-08-27 07:30:00,174.23599,7523.01
2026-08-27 07:35:00,168.48,7471.03
2026-08-27 07:40:00,168.45616,7470.53
2026-08-27 07:45:00,131.48,7511.54
2026-08-27 07:50:00,92.82767,7454.27
2026-08-27 07:55:00,89.0,7464.95
2026-08-27 08:00:00,89.0,7428.15
2026-08-27 08:05:00,89.0,7405.11
2026-08-27 08:10:00,87.48,7370.5
2026-08-27 08:15:00,87.48,7230.11
2026-08-27 08:20:00,70.32,7204.84
2026-08-27 08:25:00,49.90647,7143.71
2026-08-27 08:30:00,50.1955,7078.65
2026-08-27 08:35:00,66.05003,6894.22
2026-08-27 08:40:00,50.37257,6834.66
2026-08-27 08:45:00,48.6349,6778.48
2026-08-27 08:50:00,48.95182,6710.2
2026-08-27 08:55:00,70.32,6640.12
2026-08-27 09:00:00,42.10137,6499.71
2026-08-27 09:05:00,54.80689,6408.94
2026-08-27 09:10:00,68.72698,6393.19
2026-08-27 09:15:00,53.59712,6370.94
2026-08-27 09:20:00,68.42499,6245.51
2026-08-27 09:25:00,67.69697,6231.08
2026-08-27 09:30:00,52.84835,6181.2
2026-08-27 09:35:00,64.93752,6071.78
2026-08-27 09:40:00,66.22571,6011.29
2026-08-27 09:45:00,43.13253,5898.0
2026-08-27 09:50:00,46.87922,5885.93
2026-08-27 09:55:00,26.61186,5744.86
2026-08-27 10:00:00,26.61046,5703.67
2026-08-27 10:05:00,26.26668,5542.9
2026-08-27 10:10:00,26.35048,5582.83
2026-08-27 10:15:00,24.60702,5530.56
2026-08-27 10:20:00,19.18,5484.63
2026-08-27 10:25:00,19.2,5377.91
2026-08-27 10:30:00,12.96,5313.81
2026-08-27 10:35:00,19.2,5340.05
2026-08-27 10:40:00,50.94,5426.37
2026-08-27 10:45:00,50.94,5461.12
2026-08-27 10:50:00,27.1,5592.18
2026-08-27 10:55:00,25.97633,5650.24
2026-08-27 11:00:00,25.89441,5605.88
2026-08-27 11:05:00,27.14,5344.18
2026-08-27 11:10:00,27.14,5384.73
2026-08-27 11:15:00,27.14,5280.41
2026-08-27 11:20:00,27.14,5325.89
2026-08-27 11:25:00,25.65326,5314.96
2026-08-27 11:30:00,27.14,5110.31
2026-08-27 11:35:00,44.0,5213.97
2026-08-27 11:40:00,27.42,5090.29
2026-08-27 11:45:00,27.42,5021.9
2026-08-27 11:50:00,27.42,5156.75
2026-08-27 11:55:00,27.42,5033.22
2026-08-27 12:00:00,38.7,5153.09
2026-08-27 12:05:00,34.0,5107.47
2026-08-27 12:10:00,44.23,5159.87
2026-08-27 12:15:00,27.14,5070.35
2026-08-27 12:20:00,27.14,5042.69
2026-08-27 12:25:00,27.42,4883.74
2026-08-27 12:30:00,10.65,5104.16
2026-08-27 12:35:00,27.14,5188.97
2026-08-27 12:40:00,27.23,5104.94
2026-08-27 12:45:00,27.34,5051.62
2026-08-27 12:50:00,25.93628,5133.82
2026-08-27 12:55:00,20.68,5178.75
2026-08-27 13:00:00,27.24,4894.28
2026-08-27 13:05:00,32.07028,5053.64
2026-08-27 13:10:00,27.42,5176.46
2026-08-27 13:15:00,34.0,5216.61
2026-08-27 13:20:00,13.79338,5291.9
2026-08-27 13:25:00,25.61282,5164.33
2026-08-27 13:30:00,25.8518,5107.81
2026-08-27 13:35:00,13.17264,5068.97
2026-08-27 13:40:00,24.71527,4889.54
2026-08-27 13:45:00,27.88961,4996.76
2026-08-27 13:50:00,19.93,4965.5
2026-08-27 13:55:00,24.54322,4821.9
2026-08-27 14:00:00,24.4213,4877.46
2026-08-27 14:05:00,23.22807,5038.3
2026-08-27 14:10:00,24.56341,4937.37
2026-08-27 14:15:00,20.68,5142.03
2026-08-27 14:20:00,12.7853,4908.89
2026-08-27 14:25:00,9.42,4848.13
2026-08-27 14:30:00,10.65,4739.6
2026-08-27 14:35:00,12.4997,4822.69
2026-08-27 14:40:00,10.65006,4803.34
2026-08-27 14:45:00,10.65,4901.75
2026-08-27 14:50:00,10.65,4796.51
2026-08-27 14:55:00,15.52058,4867.62
2026-08-27 15:00:00,15.38869,4828.25
2026-08-27 15:05:00,4.42,4561.07
2026-08-27 15:10:00,-1.17308,4509.04
2026-08-27 15:15:00,0.00036,4666.34
2026-08-27 15:20:00,0.0,4603.79
2026-08-27 15:25:00,10.5,4653.56
2026-08-27 15:30:00,8.94,4704.42
2026-08-27 15:35:00,10.65,4776.98
2026-08-27 15:40:00,10.65,4813.48
2026-08-27 15:45:00,15.52,4809.99
2026-08-27 15:50:00,25.84003,4920.77
2026-08-27 15:55:00,27.94692,5026.58
2026-08-27 16:00:00,39.98631,4996.62
2026-08-27 16:05:00,24.87122,5065.24
2026-08-27 16:10:00,34.5,5138.58
2026-08-27 16:15:00,48.49998,5173.94
2026-08-27 16:20:00,60.91651,5342.0
2026-08-27 16:25:00,84.54063,5344.49
2026-08-27 16:30:00,71.49717,5475.65
2026-08-27 16:35:00,81.06447,5653.7
2026-08-27 16:40:00,88.86141,5766.85
2026-08-27 16:45:00,126.24281,5807.29
2026-08-27 16:50:00,142.79354,5871.89
2026-08-27 16:55:00,144.16169,6031.49
2026-08-27 17:00:00,148.44279,6083.25
2026-08-27 17:05:00,146.21,6096.17
2026-08-27 17:10:00,118.76984,6238.19
2026-08-27 17:15:00,139.35026,6360.66
2026-08-27 17:20:00,166.0933,6409.61
2026-08-27 17:25:00,174.43,6570.37
2026-08-27 17:30:00,162.51,6618.03
2026-08-27 17:35:00,143.60344,6685.8
2026-08-27 17:40:00,146.21,6779.76
2026-08-27 17:45:00,166.75965,6931.63
2026-08-27 17:50:00,168.24428,6961.45
2026-08-27 17:55:00,162.22976,6942.78
2026-08-27 18:00:00,167.79,7061.7
2026-08-27 18:05:00,144.32614,7090.62
2026-08-27 18:10:00,145.76373,7140.04
2026-08-27 18:15:00,164.89491,7257.12
2026-08-27 18:20:00,145.07837,7251.63
2026-08-27 18:25:00,151.92841,7288.18
2026-08-27 18:30:00,145.2239,7348.97
2026-08-27 18:35:00,139.0,7383.75
2026-08-27 18:40:00,141.81866,7341.35
2026-08-27 18:45:00,134.51,7345.74
2026-08-27 18:50:00,134.51,7407.04
2026-08-27 18:55:00,129.06,7390.78
2026-08-27 19:00:00,144.63206,7385.9
2026-08-27 19:05:00,129.06441,7303.6
2026-08-27 19:10:00,124.27844,7290.31
2026-08-27 19:15:00,122.32231,7248.34
2026-08-27 19:20:00,129.06,7246.1
2026-08-27 19:25:00,129.12262,7201.54
2026-08-27 19:30:00,124.3405,7293.42
2026-08-27 19:35:00,125.46223,7307.0
2026-08-27 19:40:00,119.58,7246.5
2026-08-27 19:45:00,119.58,7281.18
2026-08-27 19:50:00,127.28182,7278.2
2026-08-27 19:55:00,129.62076,7279.11
2026-08-27 20:00:00,116.59987,7220.89
2026-08-27 20:05:00,118.5,7130.27
2026-08-27 20:10:00,118.5,7137.78
2026-08-27 20:15:00,118.5,7149.89
2026-08-27 20:20:00,129.06,7169.26
2026-08-27 20:25:00,129.06,7063.11
2026-08-27 20:30:00,120.30091,7061.79
2026-08-27 20:35:00,118.5,7031.42
2026-08-27 20:40:00,119.58,7078.27
2026-08-27 20:45:00,119.39,6966.78
2026-08-27 20:50:00,121.10836,6927.92
2026-08-27 20:55:00,131.54,6891.98
2026-08-27 21:00:00,116.20912,6823.89
2026-08-27 21:05:00,118.5,6807.07
2026-08-27 21:10:00,116.32044,6748.33
2026-08-27 21:15:00,122.04214,6732.09
2026-08-27 21:20:00,134.51,6725.8
2026-08-27 21:25:00,134.99206,6573.97
2026-08-27 21:30:00,134.45072,6513.17
2026-08-27 21:35:00,137.40597,6460.92
2026-08-27 21:40:00,136.03274,6437.92
2026-08-27 21:45:00,162.7,6430.93
2026-08-27 21:50:00,162.7,6286.86
2026-08-27 21:55:00,176.50285,6288.8
2026-08-27 22:00:00,163.24,6290.71
2026-08-27 22:05:00,209.94,6222.99
2026-08-27 22:10:00,182.88416,6179.06
2026-08-27 22:15:00,206.30019,6078.99
2026-08-27 22:20:00,209.94,6070.34
2026-08-27 22:25:00,209.61,6016.12
2026-08-27 22:30:00,171.00694,5880.3
2026-08-27 22:35:00,173.79483,5923.96
2026-08-27 22:40:00,162.51,5921.68
2026-08-27 22:45:00,163.24,5850.56
2026-08-27 22:50:00,162.51,5812.54
2026-08-27 22:55:00,163.24,5868.87
2026-08-27 23:00:00,146.97094,5720.04
2026-08-27 23:05:00,159.33796,5684.27
2026-08-27 23:10:00,149.63363,5802.16
2026-08-27 23:15:00,151.54537,5830.02
2026-08-27 23:20:00,149.51763,5829.03
2026-08-27 23:25:00,131.39833,5807.09
2026-08-27 23:30:00,162.7,5806.1
2026-08-27 23:35:00,155.52268,5727.06
2026-08-27 23:40:00,159.11607,5655.13
2026-08-27 23:45:00,131.83119,5652.89
2026-08-27 23:50:00,146.24,5605.89
2026-08-27 23:55:00,140.24938,5580.66
2026-08-28 00:00:00,140.31255,5570.16
2026-08-28 00:05:00,146.06197,5567.58
2026-08-28 00:10:00,176.98917,5559.54
2026-08-28 00:15:00,135.48504,5436.64
2026-08-28 00:20:00,139.03075,5451.77
2026-08-28 00:25:00,141.20463,5475.92
2026-08-28 00:30:00,131.21352,5439.79
2026-08-28 00:35:00,136.53179,5396.62
2026-08-28 00:40:00,136.72401,5377.93
2026-08-28 00:45:00,130.09571,5337.26
2026-08-28 00:50:00,130.38921,5320.17
2026-08-28 00:55:00,130.33159,5310.62
2026-08-28 01:00:00,127.91472,5224.29
2026-08-28 01:05:00,129.99074,5189.14
2026-08-28 01:10:00,133.25552,5232.84
2026-08-28 01:15:00,133.11433,5249.02
2026-08-28 01:20:00,130.83732,5193.09
2026-08-28 01:25:00,130.83713,5232.82
2026-08-28 01:30:00,124.12,5232.91
2026-08-28 01:35:00,124.12,5197.91
2026-08-28 01:40:00,124.12,5179.49
2026-08-28 01:45:00,123.99,5196.32
2026-08-28 01:50:00,124.12,5179.25
2026-08-28 01:55:00,124.12,5135.98
2026-08-28 02:00:00,124.12,5162.74
2026-08-28 02:05:00,144.91329,5258.12
2026-08-28 02:10:00,147.6399,5339.4
2026-08-28 02:15:00,123.99,5312.88
2026-08-28 02:20:00,123.99,5286.84
2026-08-28 02:25:00,123.99,5258.32
2026-08-28 02:30:00,123.99,5233.84
2026-08-28 02:35:00,124.12,5191.44
2026-08-28 02:40:00,123.99,5372.02
2026-08-28 02:45:00,106.53969,5333.86
2026-08-28 02:50:00,104.66757,5429.53
2026-08-28 02:55:00,98.42,5466.28
2026-08-28 03:00:00,96.39233,5288.44
2026-08-28 03:05:00,94.69597,5284.4
2026-08-28 03:10:00,93.91333,5337.27
2026-08-28 03:15:00,93.99661,5394.62
2026-08-28 03:20:00,93.27063,5391.71
2026-08-28 03:25:00,91.31,5349.08
2026-08-28 03:30:00,88.23401,5366.64
2026-08-28 03:35:00,79.78933,5352.83
2026-08-28 03:40:00,83.5,5494.31
2026-08-28 03:45:00,79.54261,5386.26
2026-08-28 03:50:00,81.68,5390.67
2026-08-28 03:55:00,80.40249,5425.31
2026-08-28 04:00:00,80.40264,5343.11
2026-08-28 04:05:00,76.33266,5366.97
2026-08-28 04:10:00,81.15409,5376.17
2026-08-28 04:15:00,75.71296,5179.73
2026-08-28 04:20:00,74.49173,5312.93
2026-08-28 04:25:00,81.68,5440.4
2026-08-28 04:30:00,80.57671,5434.43
2026-08-28 04:35:00,64.0,5318.11
2026-08-28 04:40:00,72.91832,5341.69
2026-08-28 04:45:00,72.95743,5354.98
2026-08-28 04:50:00,74.80326,5319.57
2026-08-28 04:55:00,64.0,5500.31
2026-08-28 05:00:00,72.91656,5283.3
2026-08-28 05:05:00,67.36,5548.53
2026-08-28 05:10:00,70.21505,5331.44
2026-08-28 05:15:00,81.68,5569.67
2026-08-28 05:20:00,82.60389,5533.35
2026-08-28 05:25:00,76.0683,5456.32
2026-08-28 05:30:00,74.89255,5452.29
2026-08-28 05:35:00,76.81581,5496.46
2026-08-28 05:40:00,85.63108,5599.17
2026-08-28 05:45:00,83.43165,5619.2
2026-08-28 05:50:00,94.49089,5658.72
2026-08-28 05:55:00,83.5,5622.75
2026-08-28 06:00:00,99.99025,5712.95
2026-08-28 06:05:00,82.1646,5802.26
2026-08-28 06:10:00,89.12818,5911.26
2026-08-28 06:15:00,86.25014,6072.47
2026-08-28 06:20:00,88.74,6197.32
2026-08-28 06:25:00,89.97113,6241.8
2026-08-28 06:30:00,97.12,6347.08
2026-08-28 06:35:00,88.74,6408.96
2026-08-28 06:40:00,90.5,6490.06
2026-08-28 06:45:00,86.67,6494.68
2026-08-28 06:50:00,75.48,6525.8
2026-08-28 06:55:00,82.37653,6672.45
2026-08-28 07:00:00,73.5912,6801.19
2026-08-28 07:05:00,75.48,6856.45
2026-08-28 07:10:00,75.48,6885.92
2026-08-28 07:15:00,68.12031,6976.17
2026-08-28 07:20:00,65.0,6958.06
2026-08-28 07:25:00,65.0,6981.17
2026-08-28 07:30:00,65.0,6982.63
2026-08-28 07:35:00,52.75,6917.62
2026-08-28 07:40:00,60.99339,6988.92
2026-08-28 07:45:00,50.02845,6972.76
2026-08-28 07:50:00,48.4,6889.62
2026-08-28 07:55:00,45.01521,6861.77
2026-08-28 08:00:00,24.0,6774.4
2026-08-28 08:05:00,43.29103,6754.74
2026-08-28 08:10:00,35.24,6643.43
2026-08-28 08:15:00,41.59378,6607.76
2026-08-28 08:20:00,45.26305,6596.04
2026-08-28 08:25:00,34.00001,6733.62
2026-08-28 08:30:00,42.17009,6500.41
2026-08-28 08:35:00,34.0,6761.44
2026-08-28 08:40:00,20.68,6840.32
2026-08-28 08:45:00,34.0,6475.42
2026-08-28 08:50:00,49.82,6330.7
2026-08-28 08:55:00,20.65,6659.16
2026-08-28 09:00:00,4.39668,6651.3
2026-08-28 09:05:00,26.7713,6845.72
2026-08-28 09:10:00,34.0,6546.15
2026-08-28 09:15:00,27.14,6595.79
2026-08-28 09:20:00,25.27089,6464.58
2026-08-28 09:25:00,25.17893,6206.12
2026-08-28 09:30:00,10.62039,6402.19
2026-08-28 09:35:00,25.27353,6413.58
2026-08-28 09:40:00,20.68,6524.82
2026-08-28 09:45:00,25.33776,6217.73
2026-08-28 09:50:00,27.14,6247.14
2026-08-28 09:55:00,20.68,6100.4
2026-08-28 10:00:00,19.18,6522.88
2026-08-28 10:05:00,20.68,6035.06
2026-08-28 10:10:00,23.22455,6180.28
2026-08-28 10:15:00,22.03442,6411.87
2026-08-28 10:20:00,22.2496,6141.05
2026-08-28 10:25:00,19.18,6379.41
2026-08-28 10:30:00,20.68,6365.32
2026-08-28 10:35:00,19.18,6265.96
2026-08-28 10:40:00,19.18,6287.85
2026-08-28 10:45:00,19.18,6170.78
2026-08-28 10:50:00,20.68,6130.54
2026-08-28 10:55:00,22.49179,6337.66
2026-08-28 11:00:00,23.95119,6316.19
2026-08-28 11:05:00,23.43743,6474.56
2026-08-28 11:10:00,27.14,6550.35
2026-08-28 11:15:00,34.00002,6761.55
2026-08-28 11:20:00,31.10027,6420.1
2026-08-28 11:25:00,27.14,6513.9
2026-08-28 11:30:00,27.14,6516.67
2026-08-28 11:35:00,31.01243,6390.37
2026-08-28 11:40:00,30.7537,6337.02
2026-08-28 11:45:00,31.51301,6453.76
2026-08-28 11:50:00,30.48068,6500.12
2026-08-28 11:55:00,27.14,6619.73
2026-08-28 12:00:00,31.43194,6524.56
2026-08-28 12:05:00,35.94,6611.84
2026-08-28 12:10:00,49.78078,6762.82
2026-08-28 12:15:00,35.24,6784.98
2026-08-28 12:20:00,54.61607,6987.39
2026-08-28 12:25:00,44.23,6898.45
2026-08-28 12:30:00,27.14,6757.58
2026-08-28 12:35:00,34.0,6803.02
2026-08-28 12:40:00,35.94,6753.25
2026-08-28 12:45:00,35.94,6752.1
2026-08-28 12:50:00,44.23,6827.68
2026-08-28 12:55:00,44.23,6736.58
2026-08-28 13:00:00,44.23,6849.08
2026-08-28 13:05:00,26.23316,6846.65
2026-08-28 13:10:00,34.0,6908.3
2026-08-28 13:15:00,44.23,6920.51
2026-08-28 13:20:00,35.94,6863.39
2026-08-28 13:25:00,44.23,6886.29
2026-08-28 13:30:00,43.93066,6899.31
2026-08-28 13:35:00,44.23,6850.15
2026-08-28 13:40:00,44.23,6862.79
2026-08-28 13:45:00,50.01,6870.85
2026-08-28 13:50:00,44.23,6932.01
2026-08-28 13:55:00,44.23,6943.29
2026-08-28 14:00:00,50.11814,6852.68
2026-08-28 14:05:00,50.01,6852.87
2026-08-28 14:10:00,44.23,6971.42
2026-08-28 14:15:00,44.23,6987.52
2026-08-28 14:20:00,44.23,7005.75
2026-08-28 14:25:00,42.55292,7106.79
2026-08-28 14:30:00,44.23,6972.47
2026-08-28 14:35:00,35.94,6923.4
2026-08-28 14:40:00,35.94,6815.28
2026-08-28 14:45:00,35.94,6723.71
2026-08-28 14:50:00,44.23,6686.14
2026-08-28 14:55:00,44.23,6590.34
2026-08-28 15:00:00,35.94,6442.41
2026-08-28 15:05:00,26.9478,6486.44
2026-08-28 15:10:00,26.86609,6525.4
2026-08-28 15:15:00,19.18,6385.17
2026-08-28 15:20:00,13.2,6263.31
2026-08-28 15:25:00,29.24242,6382.09
2026-08-28 15:30:00,19.82927,6335.15
2026-08-28 15:35:00,25.69892,6453.82
2026-08-28 15:40:00,40.86666,6514.5
2026-08-28 15:45:00,44.23,6482.09
2026-08-28 15:50:00,44.23,6462.81
2026-08-28 15:55:00,44.23,6392.87
2026-08-28 16:00:00,68.69487,6491.92
2026-08-28 16:05:00,84.67716,6548.72
2026-08-28 16:10:00,76.03996,6652.6
2026-08-28 16:15:00,72.91091,6826.0
2026-08-28 16:20:00,86.27,6674.83
2026-08-28 16:25:00,135.72,6798.36
2026-08-28 16:30:00,138.02,6737.41
2026-08-28 16:35:00,123.54773,6771.19
2026-08-28 16:40:00,118.5,6804.81
2026-08-28 16:45:00,122.31128,6856.48
2026-08-28 16:50:00,117.08676,6858.51
2026-08-28 16:55:00,132.68,6925.37
2026-08-28 17:00:00,128.65432,6951.5
2026-08-28 17:05:00,100.53,7022.52
2026-08-28 17:10:00,122.61529,7090.79
2026-08-28 17:15:00,141.58937,6980.71
2026-08-28 17:20:00,139.0,6956.46
2026-08-28 17:25:00,130.36256,7075.08
2026-08-28 17:30:00,139.9937,7180.38
2026-08-28 17:35:00,119.47002,7244.18
2026-08-28 17:40:00,125.17207,7222.08
2026-08-28 17:45:00,132.55933,7344.84
2026-08-28 17:50:00,138.07645,7287.17
2026-08-28 17:55:00,129.06,7375.46
2026-08-28 18:00:00,140.97217,7489.38
2026-08-28 18:05:00,124.87274,7366.92
2026-08-28 18:10:00,139.0,7399.71
2026-08-28 18:15:00,127.67798,7463.34
2026-08-28 18:20:00,120.79041,7474.85
2026-08-28 18:25:00,122.75096,7551.82
2026-08-28 18:30:00,136.97006,7535.47
2026-08-28 18:35:00,120.40934,7536.0
2026-08-28 18:40:00,119.21705,7430.84
2026-08-28 18:45:00,128.44774,7441.54
2026-08-28 18:50:00,119.58,7461.18
2026-08-28 18:55:00,118.50562,7464.44
2026-08-28 19:00:00,118.5,7361.11
2026-08-28 19:05:00,126.87918,7389.24
2026-08-28 19:10:00,123.64195,7360.44
2026-08-28 19:15:00,118.5,7343.02
2026-08-28 19:20:00,118.5,7280.57
2026-08-28 19:25:00,118.5,7209.29
2026-08-28 19:30:00,118.5,7272.14
2026-08-28 19:35:00,118.5,7229.35
2026-08-28 19:40:00,118.25998,7195.66
2026-08-28 19:45:00,118.5,7232.86
2026-08-28 19:50:00,107.48,7225.5
2026-08-28 19:55:00,105.07872,7221.94
2026-08-28 20:00:00,104.10794,7142.8
2026-08-28 20:05:00,104.5573,7095.94
2026-08-28 20:10:00,107.32432,7083.16
2026-08-28 20:15:00,102.57659,7084.82
2026-08-28 20:20:00,105.11417,7033.62
2026-08-28 20:25:00,103.65109,7064.49
2026-08-28 20:30:00,102.82295,7053.53
2026-08-28 20:35:00,108.04023,7033.53
2026-08-28 20:40:00,106.40339,6998.68
2026-08-28 20:45:00,102.06564,6911.32
2026-08-28 20:50:00,101.81541,6884.69
2026-08-28 20:55:00,102.32689,6914.68
2026-08-28 21:00:00,102.05532,6869.67
2026-08-28 21:05:00,102.81571,6889.43
2026-08-28 21:10:00,101.92542,6835.38
2026-08-28 21:15:00,101.22774,6811.09
2026-08-28 21:20:00,101.1978,6812.58
2026-08-28 21:25:00,100.73264,6735.23
2026-08-28 21:30:00,102.01617,6744.77
2026-08-28 21:35:00,107.48,6728.51
2026-08-28 21:40:00,101.77501,6595.61
2026-08-28 21:45:00,104.17715,6632.57
2026-08-28 21:50:00,108.73214,6613.37
2026-08-28 21:55:00,107.48,6599.73
2026-08-28 22:00:00,105.736,6554.99
2026-08-28 22:05:00,107.48,6387.06
2026-08-28 22:10:00,115.14838,6424.24
2026-08-28 22:15:00,111.41166,6407.35
2026-08-28 22:20:00,118.5,6428.53
2026-08-28 22:25:00,110.12032,6364.81
2026-08-28 22:30:00,118.5,6335.94
2026-08-28 22:35:00,102.43084,6275.92
2026-08-28 22:40:00,118.5,6270.2
2026-08-28 22:45:00,107.48,6135.65
2026-08-28 22:50:00,107.58137,6124.72
2026-08-28 22:55:00,111.70492,6224.14
2026-08-28 23:00:00,107.48,6155.55
2026-08-28 23:05:00,104.44011,6091.77
2026-08-28 23:10:00,119.16305,6127.31
2026-08-28 23:15:00,123.94678,6209.95
2026-08-28 23:20:00,122.08231,6149.72
2026-08-28 23:25:00,118.5,6138.36
2026-08-28 23:30:00,123.16958,6079.09
2026-08-28 23:35:00,115.81951,6056.67
2026-08-28 23:40:00,116.73668,6045.82
2026-08-28 23:45:00,109.47156,5938.56
2026-08-28 23:50:00,114.71521,5881.16
2026-08-28 23:55:00,118.5,5978.92
2026-08-29 00:00:00,112.63239,5902.97
2026-08-29 00:05:00,116.63042,5878.74
2026-08-29 00:10:00,115.69002,5790.33
2026-08-29 00:15:00,111.70263,5791.84
2026-08-29 00:20:00,107.44502,5760.62
2026-08-29 00:25:00,118.5,5787.42
2026-08-29 00:30:00,103.26567,5683.52
2026-08-29 00:35:00,101.25897,5706.62
2026-08-29 00:40:00,100.25187,5696.09
2026-08-29 00:45:00,100.10588,5661.33
2026-08-29 00:50:00,98.16291,5616.55
2026-08-29 00:55:00,105.17297,5715.22
2026-08-29 01:00:00,96.53584,5498.12
2026-08-29 01:05:00,118.5,5544.18
2026-08-29 01:10:00,118.5,5534.61
2026-08-29 01:15:00,98.59821,5434.83
2026-08-29 01:20:00,103.79786,5599.54
2026-08-29 01:25:00,98.24977,5450.25
2026-08-29 01:30:00,103.2712,5631.98
2026-08-29 01:35:00,122.4817,5565.92
2026-08-29 01:40:00,94.24928,5270.27
2026-08-29 01:45:00,97.70379,5346.66
2026-08-29 01:50:00,100.52793,5275.86
2026-08-29 01:55:00,101.66942,5321.4
2026-08-29 02:00:00,96.35946,5207.02
2026-08-29 02:05:00,101.49043,5249.04
2026-08-29 02:10:00,117.70999,5304.36
2026-08-29 02:15:00,101.70413,5180.68
2026-08-29 02:20:00,97.79379,5147.44
2026-08-29 02:25:00,97.0876,5074.38
2026-08-29 02:30:00,95.53332,5049.78
2026-08-29 02:35:00,100.25457,5115.04
2026-08-29 02:40:00,100.16153,5107.0
2026-08-29 02:45:00,93.39942,5141.73
2026-08-29 02:50:00,101.40799,5175.45
2026-08-29 02:55:00,91.5533,5073.79
2026-08-29 03:00:00,90.2437,5060.42
2026-08-29 03:05:00,99.78471,4955.65
2026-08-29 03:10:00,97.71517,4946.13
2026-08-29 03:15:00,97.70236,4923.58
2026-08-29 03:20:00,97.68543,4950.28
2026-08-29 03:25:00,95.83473,4943.08
2026-08-29 03:30:00,92.18498,4972.39
2026-08-29 03:35:00,91.23444,4966.47
2026-08-29 03:40:00,98.49834,5107.93
2026-08-29 03:45:00,89.26507,4999.34
2026-08-29 03:50:00,87.76863,5004.4
2026-08-29 03:55:00,89.39744,5014.9
2026-08-29 04:00:00,87.71502,4990.05
2026-08-29 04:05:00,81.68,4980.52
2026-08-29 04:10:00,90.5,5040.65
2026-08-29 04:15:00,89.19743,5029.61
2026-08-29 04:20:00,89.28027,5039.51
2026-08-29 04:25:00,91.06691,5093.1
2026-08-29 04:30:00,89.98694,5021.37
2026-08-29 04:35:00,91.29669,5047.24
2026-08-29 04:40:00,90.54183,5029.14
2026-08-29 04:45:00,98.83075,5064.19
2026-08-29 04:50:00,90.5,4932.27
2026-08-29 04:55:00,101.94925,5149.94
2026-08-29 05:00:00,101.76625,5202.52
2026-08-29 05:05:00,102.53783,5306.12
2026-08-29 05:10:00,90.5,5137.0
2026-08-29 05:15:00,87.47202,5031.24
2026-08-29 05:20:00,89.33325,5115.91
2026-08-29 05:25:00,90.55024,5115.14
2026-08-29 05:30:00,86.75979,5031.51
2026-08-29 05:35:00,95.194,5079.96
2026-08-29 05:40:00,101.09016,5148.09
2026-08-29 05:45:00,107.01356,5182.48
2026-08-29 05:50:00,98.75604,5162.46
2026-08-29 05:55:00,92.62959,5177.96
2026-08-29 06:00:00,118.79713,5239.96
2026-08-29 06:05:00,101.58934,5256.42
2026-08-29 06:10:00,97.00604,5230.87
2026-08-29 06:15:00,108.20337,5332.07
2026-08-29 06:20:00,116.50633,5325.44
2026-08-29 06:25:00,90.61273,5395.44
2026-08-29 06:30:00,114.80027,5384.66
2026-08-29 06:35:00,97.91173,5426.97
2026-08-29 06:40:00,90.52599,5540.3
2026-08-29 06:45:00,117.99149,5584.52
2026-08-29 06:50:00,97.56597,5594.65
2026-08-29 06:55:00,95.59053,5623.93
2026-08-29 07:00:00,97.10252,5624.41
2026-08-29 07:05:00,95.68728,5729.77
2026-08-29 07:10:00,95.93441,5741.64
2026-08-29 07:15:00,98.70362,5764.21
2026-08-29 07:20:00,96.83293,5806.77
2026-08-29 07:25:00,89.0,5853.25
2026-08-29 07:30:00,81.80934,5832.37
2026-08-29 07:35:00,81.10281,5771.85
2026-08-29 07:40:00,52.17738,5783.54
2026-08-29 07:45:00,36.56298,5853.86
2026-08-29 07:50:00,27.09464,5815.66
2026-08-29 07:55:00,26.32717,5780.15
2026-08-29 08:00:00,20.65,5896.46
2026-08-29 08:05:00,24.0,5952.13
2026-08-29 08:10:00,25.55422,6021.87
2026-08-29 08:15:00,6.7393,5879.89
2026-08-29 08:20:00,10.5,6083.38
2026-08-29 08:25:00,19.2,6081.4
2026-08-29 08:30:00,19.2,6002.37
2026-08-29 08:35:00,19.2,5788.62
2026-08-29 08:40:00,10.5,5980.15
2026-08-29 08:45:00,13.4744,5937.68
2026-08-29 08:50:00,0.0,5761.97
2026-08-29 08:55:00,2.53707,5806.5
2026-08-29 09:00:00,8.94,5523.65
2026-08-29 09:05:00,13.83834,5627.01
2026-08-29 09:10:00,-1.90369,5552.4
2026-08-29 09:15:00,-3.5,5514.21
2026-08-29 09:20:00,0.67,5428.52
2026-08-29 09:25:00,14.86965,5611.88
2026-08-29 09:30:00,10.5,5444.95
2026-08-29 09:35:00,-6.32742,5287.97
2026-08-29 09:40:00,1e-05,5179.61
2026-08-29 09:45:00,14.69861,5173.94
2026-08-29 09:50:00,0.01,5106.05
2026-08-29 09:55:00,-0.1,5120.91
2026-08-29 10:00:00,5.05,5079.23
2026-08-29 10:05:00,5.05,5015.93
2026-08-29 10:10:00,5.05,4925.3
2026-08-29 10:15:00,5.05,4936.34
2026-08-29 10:20:00,8.94,4838.01
2026-08-29 10:25:00,15.18091,4718.92
2026-08-29 10:30:00,2e-05,4696.96
2026-08-29 10:35:00,12.5,4523.43
2026-08-29 10:40:00,12.97,4524.92
2026-08-29 10:45:00,10.5,4487.93
2026-08-29 10:50:00,12.49896,4635.02
2026-08-29 10:55:00,12.49896,4619.58
2026-08-29 11:00:00,-4.57083,4406.38
2026-08-29 11:05:00,23.74566,4577.95
2026-08-29 11:10:00,27.14,4809.57
2026-08-29 11:15:00,26.95574,4801.67
2026-08-29 11:20:00,10.82,4992.1
2026-08-29 11:25:00,1e-05,4857.42
2026-08-29 11:30:00,10.5,4676.09
2026-08-29 11:35:00,0.01927,4812.35
2026-08-29 11:40:00,1.4,4948.73
2026-08-29 11:45:00,2e-05,4773.92
2026-08-29 11:50:00,2e-05,4718.14
2026-08-29 11:55:00,2e-05,4680.39
2026-08-29 12:00:00,-3.5,4635.77
2026-08-29 12:05:00,-0.1,4597.15
2026-08-29 12:10:00,7.55197,4543.22
2026-08-29 12:15:00,7.40692,4486.45
2026-08-29 12:20:00,-5.66614,4454.96
2026-08-29 12:25:00,-1.20973,4463.36
2026-08-29 12:30:00,-3.5,4443.1
2026-08-29 12:35:00,1.96,4595.87
2026-08-29 12:40:00,-1.1241,4667.08
2026-08-29 12:45:00,-4.79436,4589.32
2026-08-29 12:50:00,-5.63597,4474.51
2026-08-29 12:55:00,-5.67903,4385.1
2026-08-29 13:00:00,-6.5,4373.36
2026-08-29 13:05:00,-6.5,4361.19
2026-08-29 13:10:00,-6.5,4382.29
2026-08-29 13:15:00,-6.5,4392.74
2026-08-29 13:20:00,-8.01,4200.94
2026-08-29 13:25:00,-6.5,4303.42
2026-08-29 13:30:00,-7.6944,4084.97
2026-08-29 13:35:00,-7.25,4209.44
2026-08-29 13:40:00,-7.25,4220.19
2026-08-29 13:45:00,-7.25,4071.19
2026-08-29 13:50:00,-7.64479,4091.63
2026-08-29 13:55:00,-17.06,3700.56
2026-08-29 14:00:00,-11.95104,3921.02
2026-08-29 14:05:00,-7.51,4075.03
2026-08-29 14:10:00,-14.48839,3725.47
2026-08-29 14:15:00,-7.6223,4019.1
2026-08-29 14:20:00,-17.06,3699.12
2026-08-29 14:25:00,-14.44331,3681.05
2026-08-29 14:30:00,-16.24,3682.08
2026-08-29 14:35:00,-14.48854,3882.74
2026-08-29 14:40:00,-17.06,3772.65
2026-08-29 14:45:00,-21.24539,3702.86
2026-08-29 14:50:00,-18.94924,3812.4
2026-08-29 14:55:00,-11.95,3765.57
2026-08-29 15:00:00,-7.70797,3835.81
2026-08-29 15:05:00,-33.92,3590.74
2026-08-29 15:10:00,-14.26556,3614.93
2026-08-29 15:15:00,-11.95,3712.88
2026-08-29 15:20:00,-7.51,3736.39
2026-08-29 15:25:00,-8.01,3743.66
2026-08-29 15:30:00,-7.25,3861.45
2026-08-29 15:35:00,-8.45888,3729.67
2026-08-29 15:40:00,-7.25,3880.9
2026-08-29 15:45:00,-6.5,4091.14
2026-08-29 15:50:00,-6.5,4084.81
2026-08-29 15:55:00,-6.17377,4138.23
2026-08-29 16:00:00,-3.5,4181.31
2026-08-29 16:05:00,-6.5,4259.95
2026-08-29 16:10:00,-4.59862,4324.29
2026-08-29 16:15:00,-0.05,4463.07
2026-08-29 16:20:00,10.5,4500.83
2026-08-29 16:25:00,10.5,4631.83
2026-08-29 16:30:00,10.66,4670.67
2026-08-29 16:35:00,10.65,4770.85
2026-08-29 16:40:00,24.53213,4927.44
2026-08-29 16:45:00,25.84228,5021.14
2026-08-29 16:50:00,70.8792,5111.77
2026-08-29 16:55:00,86.08694,5178.92
2026-08-29 17:00:00,84.86226,5280.9
2026-08-29 17:05:00,82.74337,5330.57
2026-08-29 17:10:00,74.07072,5402.68
2026-08-29 17:15:00,80.42941,5577.58
2026-08-29 17:20:00,84.59351,5625.63
2026-08-29 17:25:00,90.5,5772.7
2026-08-29 17:30:00,95.085,5880.56
2026-08-29 17:35:00,90.42596,5847.42
2026-08-29 17:40:00,95.59563,5965.97
2026-08-29 17:45:00,88.04,6029.25
2026-08-29 17:50:00,90.5,6131.47
2026-08-29 17:55:00,90.5,6239.59
2026-08-29 18:00:00,94.60817,6260.65
2026-08-29 18:05:00,90.5,6218.77
2026-08-29 18:10:00,90.5,6250.59
2026-08-29 18:15:00,89.0,6285.85
2026-08-29 18:20:00,90.34517,6403.39
2026-08-29 18:25:00,89.82792,6447.24
2026-08-29 18:30:00,95.9752,6481.06
2026-08-29 18:35:00,93.37706,6512.14
2026-08-29 18:40:00,90.5,6500.16
2026-08-29 18:45:00,94.26259,6559.73
2026-08-29 18:50:00,95.43322,6599.38
2026-08-29 18:55:00,89.0,6504.31
2026-08-29 19:00:00,95.20883,6549.26
2026-08-29 19:05:00,93.94989,6566.34
2026-08-29 19:10:00,93.68947,6560.81
2026-08-29 19:15:00,89.0,6489.12
2026-08-29 19:20:00,90.5,6539.47
2026-08-29 19:25:00,94.81745,6586.5
2026-08-29 19:30:00,86.89166,6560.0
2026-08-29 19:35:00,86.13041,6482.44
2026-08-29 19:40:00,90.5,6554.71
2026-08-29 19:45:00,90.5,6543.42
2026-08-29 19:50:00,86.54129,6524.12
2026-08-29 19:55:00,78.95333,6482.75
2026-08-29 20:00:00,75.3726,6446.73
2026-08-29 20:05:00,90.5,6475.05
2026-08-29 20:10:00,86.14334,6466.47
2026-08-29 20:15:00,75.72385,6439.61
2026-08-29 20:20:00,77.80386,6476.31
2026-08-29 20:25:00,74.73897,6452.26
2026-08-29 20:30:00,77.74907,6462.99
2026-08-29 20:35:00,81.75266,6455.93
2026-08-29 20:40:00,82.01495,6357.13
2026-08-29 20:45:00,89.02077,6361.02
2026-08-29 20:50:00,88.74,6369.56
2026-08-29 20:55:00,86.67,6408.53
2026-08-29 21:00:00,86.81563,6386.92
2026-08-29 21:05:00,99.64931,6351.48
2026-08-29 21:10:00,95.25357,6316.68
2026-08-29 21:15:00,94.54934,6321.19
2026-08-29 21:20:00,94.88,6341.16
2026-08-29 21:25:00,92.38892,6216.41
2026-08-29 21:30:00,96.9241,6237.32
2026-08-29 21:35:00,100.53,6286.19
2026-08-29 21:40:00,100.53,6253.25
2026-08-29 21:45:00,97.58513,6198.67
2026-08-29 21:50:00,90.5,6185.71
2026-08-29 21:55:00,96.24646,6155.44
2026-08-29 22:00:00,95.45349,6132.11
2026-08-29 22:05:00,92.19702,6073.65
2026-08-29 22:10:00,96.58091,6011.55
2026-08-29 22:15:00,92.69869,6037.09
2026-08-29 22:20:00,97.16361,6047.37
2026-08-29 22:25:00,89.10462,5925.38
2026-08-29 22:30:00,89.61281,5942.06
2026-08-29 22:35:00,97.46839,5976.08
2026-08-29 22:40:00,90.15627,5900.45
2026-08-29 22:45:00,88.30751,5842.17
2026-08-29 22:50:00,87.47441,5824.58
2026-08-29 22:55:00,85.28829,5715.57
2026-08-29 23:00:00,86.73431,5777.94
2026-08-29 23:05:00,87.40739,5794.34
2026-08-29 23:10:00,87.33144,5777.07
2026-08-29 23:15:00,88.09911,5883.86
2026-08-29 23:20:00,87.43935,5805.06
2026-08-29 23:25:00,88.14758,5855.32
2026-08-29 23:30:00,87.34233,5832.32
2026-08-29 23:35:00,87.53125,5810.91
2026-08-29 23:40:00,82.96029,5734.2
2026-08-29 23:45:00,83.06811,5682.9
2026-08-29 23:50:00,83.67999,5665.89
2026-08-29 23:55:00,78.83949,5606.77
2026-08-30 00:00:00,75.98216,5614.33
2026-08-30 00:05:00,78.9192,5613.38
2026-08-30 00:10:00,82.85287,5560.99
2026-08-30 00:15:00,73.192,5589.45
2026-08-30 00:20:00,95.51345,5540.92
2026-08-30 00:25:00,68.91616,5517.23
2026-08-30 00:30:00,81.69006,5509.92
2026-08-30 00:35:00,73.92342,5468.76
2026-08-30 00:40:00,78.999,5374.64
2026-08-30 00:45:00,79.84559,5378.72
2026-08-30 00:50:00,73.23496,5293.07
2026-08-30 00:55:00,77.70307,5285.33
2026-08-30 01:00:00,73.99834,5335.9
2026-08-30 01:05:00,65.0,5233.36
2026-08-30 01:10:00,77.70742,5285.05
2026-08-30 01:15:00,68.68795,5261.89
2026-08-30 01:20:00,66.26364,5258.3
2026-08-30 01:25:00,81.82554,5224.92
2026-08-30 01:30:00,65.0,5130.89
2026-08-30 01:35:00,74.39225,5115.54
2026-08-30 01:40:00,78.45907,5110.99
2026-08-30 01:45:00,78.42486,5109.06
2026-08-30 01:50:00,77.11202,5042.76
2026-08-30 01:55:00,77.74395,5012.1
2026-08-30 02:00:00,77.66703,4999.08
2026-08-30 02:05:00,78.3899,4996.92
2026-08-30 02:10:00,77.3656,4912.31
2026-08-30 02:15:00,77.05789,4896.91
2026-08-30 02:20:00,77.39188,4889.44
2026-08-30 02:25:00,77.39802,4933.83
2026-08-30 02:30:00,77.05729,4930.0
2026-08-30 02:35:00,76.42947,4848.81
2026-08-30 02:40:00,77.09128,4873.45
2026-08-30 02:45:00,77.06556,4860.7
2026-08-30 02:50:00,70.73897,4858.87
2026-08-30 02:55:00,65.0,4777.7
2026-08-30 03:00:00,65.0,4749.18
2026-08-30 03:05:00,69.09017,4852.29
2026-08-30 03:10:00,67.59804,4817.47
2026-08-30 03:15:00,65.0,4720.51
2026-08-30 03:20:00,65.0,4783.42
2026-08-30 03:25:00,65.0,4758.53
2026-08-30 03:30:00,65.0,4786.84
2026-08-30 03:35:00,67.55296,4797.77
2026-08-30 03:40:00,65.0,4692.76
2026-08-30 03:45:00,65.0,4658.22
2026-08-30 03:50:00,66.07747,4674.76
2026-08-30 03:55:00,65.0,4676.05
2026-08-30 04:00:00,75.56878,4759.34
2026-08-30 04:05:00,65.0,4754.21
2026-08-30 04:10:00,65.0,4765.59
2026-08-30 04:15:00,65.0,4754.11
2026-08-30 04:20:00,65.0,4804.84
2026-08-30 04:25:00,65.0,4809.21
2026-08-30 04:30:00,65.0,4728.73
2026-08-30 04:35:00,71.33,4834.64
2026-08-30 04:40:00,68.9608,4820.45
2026-08-30 04:45:00,67.99674,4833.63
2026-08-30 04:50:00,74.41935,4842.76
2026-08-30 04:55:00,73.77062,4748.94
2026-08-30 05:00:00,73.77365,4770.16
2026-08-30 05:05:00,67.66842,4727.19
2026-08-30 05:10:00,74.27717,4787.71
2026-08-30 05:15:00,77.49189,4866.9
2026-08-30 05:20:00,78.49935,4868.64
2026-08-30 05:25:00,74.87026,4863.64
2026-08-30 05:30:00,74.92404,4900.05
2026-08-30 05:35:00,67.61372,4884.29
2026-08-30 05:40:00,65.8892,4854.63
2026-08-30 05:45:00,65.11935,4799.89
2026-08-30 05:50:00,66.16458,4778.86
2026-08-30 05:55:00,73.18755,4812.36
2026-08-30 06:00:00,73.75558,4837.44
2026-08-30 06:05:00,73.13654,4880.02
2026-08-30 06:10:00,70.67001,4886.61
2026-08-30 06:15:00,74.31077,4972.04
2026-08-30 06:20:00,73.48,4990.27
2026-08-30 06:25:00,73.48,5025.43
2026-08-30 06:30:00,73.73301,5051.62
2026-08-30 06:35:00,73.48,5087.76
2026-08-30 06:40:00,66.99631,5108.94
2026-08-30 06:45:00,65.0,5132.76
2026-08-30 06:50:00,65.0,5156.15
2026-08-30 06:55:00,62.8643,5199.32
2026-08-30 07:00:00,64.07106,5194.78
2026-08-30 07:05:00,65.0,5233.0
2026-08-30 07:10:00,61.8931,5212.42
2026-08-30 07:15:00,44.0,5242.63
2026-08-30 07:20:00,27.54012,5264.29
2026-08-30 07:25:00,26.70044,5319.52
2026-08-30 07:30:00,26.8879,5330.93
2026-08-30 07:35:00,24.0,5338.43
2026-08-30 07:40:00,19.97399,5323.89
2026-08-30 07:45:00,21.0856,5415.17
2026-08-30 07:50:00,15.14932,5364.06
2026-08-30 07:55:00,16.17661,5449.58
2026-08-30 08:00:00,21.1302,5613.28
2026-08-30 08:05:00,15.12664,5590.9
2026-08-30 08:10:00,14.88648,5714.61
2026-08-30 08:15:00,14.62169,5696.96
2026-08-30 08:20:00,14.37842,5717.56
2026-08-30 08:25:00,2.09545,5546.91
2026-08-30 08:30:00,10.5,5544.6
2026-08-30 08:35:00,14.24423,5662.92
2026-08-30 08:40:00,13.74243,5707.97
2026-08-30 08:45:00,13.76461,5538.15
2026-08-30 08:50:00,0.0,5428.13
2026-08-30 08:55:00,10.5,5479.37
2026-08-30 09:00:00,10.5,5476.05
2026-08-30 09:05:00,10.5,5682.08
2026-08-30 09:10:00,19.2,5719.15
2026-08-30 09:15:00,1e-05,5537.55
2026-08-30 09:20:00,1e-05,5632.08
2026-08-30 09:25:00,0.01,5474.49
2026-08-30 09:30:00,1e-05,5379.65
2026-08-30 09:35:00,5.05,5345.83
2026-08-30 09:40:00,5.05,5331.54
2026-08-30 09:45:00,8.94,5273.5
2026-08-30 09:50:00,1e-05,5295.54
2026-08-30 09:55:00,1e-05,5162.03
2026-08-30 10:00:00,10.5,5105.75
2026-08-30 10:05:00,15.9841,5438.99
2026-08-30 10:10:00,19.18,5324.63
2026-08-30 10:15:00,14.66074,5334.12
2026-08-30 10:20:00,14.54966,5350.58
2026-08-30 10:25:00,2.13599,5109.45
2026-08-30 10:30:00,10.68994,5173.8
2026-08-30 10:35:00,2.16449,5129.41
2026-08-30 10:40:00,2.11307,4879.88
2026-08-30 10:45:00,2.0935,4860.94
2026-08-30 10:50:00,1e-05,4793.61
2026-08-30 10:55:00,2.08807,4761.24
2026-08-30 11:00:00,1e-05,4694.89
2026-08-30 11:05:00,5.05,4831.73
2026-08-30 11:10:00,8.94,4941.57
2026-08-30 11:15:00,8.94,4889.57
2026-08-30 11:20:00,2.19343,5024.4
2026-08-30 11:25:00,1.00713,4842.27
2026-08-30 11:30:00,1e-05,4718.52
2026-08-30 11:35:00,1e-05,4695.83
2026-08-30 11:40:00,-1.24905,4644.3
2026-08-30 11:45:00,-3.5,4650.24
2026-08-30 11:50:00,-4.79,4680.53
2026-08-30 11:55:00,-5.03,4591.16
2026-08-30 12:00:00,-5.03,4450.61
2026-08-30 12:05:00,-4.8574,4492.85
2026-08-30 12:10:00,-6.5,4526.03
2026-08-30 12:15:00,-6.5,4514.61
2026-08-30 12:20:00,-6.5,4423.74
2026-08-30 12:25:00,-7.35346,4463.69
2026-08-30 12:30:00,-6.73038,4446.4
2026-08-30 12:35:00,-7.85967,4246.34
2026-08-30 12:40:00,-8.0,4241.3
2026-08-30 12:45:00,-8.56437,4044.2
2026-08-30 12:50:00,-8.69292,4066.94
2026-08-30 12:55:00,-8.23884,4074.9
2026-08-30 13:00:00,-8.01,3971.16
2026-08-30 13:05:00,-8.53065,3971.89
2026-08-30 13:10:00,-8.40179,3937.45
2026-08-30 13:15:00,-8.16143,4031.59
2026-08-30 13:20:00,-8.11125,3838.95
2026-08-30 13:25:00,-8.11838,3805.36
2026-08-30 13:30:00,-9.16894,3720.55
2026-08-30 13:35:00,-9.16314,3933.52
2026-08-30 13:40:00,-8.59257,3809.59
2026-08-30 13:45:00,-8.94577,3686.54
2026-08-30 13:50:00,-8.97637,3635.38
2026-08-30 13:55:00,-16.51105,3449.6
2026-08-30 14:00:00,-20.0,3536.6
2026-08-30 14:05:00,-16.69178,3410.46
2026-08-30 14:10:00,-10.93632,3667.7
2026-08-30 14:15:00,-8.29776,3531.11
2026-08-30 14:20:00,-14.52775,3689.28
2026-08-30 14:25:00,-8.01,3643.54
2026-08-30 14:30:00,-14.34578,3347.92
2026-08-30 14:35:00,-14.43761,3325.07
2026-08-30 14:40:00,-10.69,3422.14
2026-08-30 14:45:00,-14.57709,3396.19
2026-08-30 14:50:00,-10.42,3332.77
2026-08-30 14:55:00,-14.4855,3380.25
2026-08-30 15:00:00,-8.0,3375.01
2026-08-30 15:05:00,-14.48956,3344.03
2026-08-30 15:10:00,-14.35099,3237.37
2026-08-30 15:15:00,-8.0,3338.62
2026-08-30 15:20:00,-8.0,3444.26
2026-08-30 15:25:00,-8.0,3473.94
2026-08-30 15:30:00,-7.51,3535.23
2026-08-30 15:35:00,-8.0,3510.34
2026-08-30 15:40:00,-7.99995,3676.51
2026-08-30 15:45:00,-3.5,4019.76
2026-08-30 15:50:00,-0.1,4002.88
2026-08-30 15:55:00,-0.09975,4092.65
2026-08-30 16:00:00,-0.1,4134.09
2026-08-30 16:05:00,5.05,4094.7
2026-08-30 16:10:00,10.5,4172.92
2026-08-30 16:15:00,16.23176,4240.23
2026-08-30 16:20:00,15.53661,4449.79
2026-08-30 16:25:00,55.71,4433.62
2026-08-30 16:30:00,80.25,4521.72
2026-08-30 16:35:00,20.68,4771.32
2026-08-30 16:40:00,34.0,4831.8
2026-08-30 16:45:00,29.41422,5098.56
2026-08-30 16:50:00,74.78458,5069.2
2026-08-30 16:55:00,86.00854,5068.4
2026-08-30 17:00:00,88.32178,5219.06
2026-08-30 17:05:00,75.90333,5388.2
2026-08-30 17:10:00,82.46909,5516.57
2026-08-30 17:15:00,88.28189,5500.38
2026-08-30 17:20:00,90.5,5644.53
2026-08-30 17:25:00,96.26096,5787.14
2026-08-30 17:30:00,107.55618,5865.95
2026-08-30 17:35:00,105.48,5971.14
2026-08-30 17:40:00,97.12076,5949.26
2026-08-30 17:45:00,99.32422,5989.06
2026-08-30 17:50:00,105.38341,6080.78
2026-08-30 17:55:00,111.98,6239.78
2026-08-30 18:00:00,105.48,6290.05
2026-08-30 18:05:00,96.74402,6317.83
2026-08-30 18:10:00,111.98,6371.01
2026-08-30 18:15:00,100.09511,6398.49
2026-08-30 18:20:00,111.98,6501.69
2026-08-30 18:25:00,105.48,6497.65
2026-08-30 18:30:00,97.83006,6537.9
2026-08-30 18:35:00,113.18876,6640.31
2026-08-30 18:40:00,109.19523,6675.83
2026-08-30 18:45:00,105.48,6637.22
2026-08-30 18:50:00,112.86069,6617.32
2026-08-30 18:55:00,100.87719,6626.74
2026-08-30 19:00:00,98.5206,6597.74
2026-08-30 19:05:00,108.81513,6626.16
2026-08-30 19:10:00,105.48,6652.76
2026-08-30 19:15:00,97.70843,6660.15
2026-08-30 19:20:00,101.58634,6635.42
2026-08-30 19:25:00,99.19669,6563.26
2026-08-30 19:30:00,96.18207,6535.92
2026-08-30 19:35:00,104.08883,6620.53
2026-08-30 19:40:00,99.2928,6598.79
2026-08-30 19:45:00,105.48,6608.29
2026-08-30 19:50:00,105.48,6583.3
2026-08-30 19:55:00,100.20364,6632.86
2026-08-30 20:00:00,99.34784,6597.56
2026-08-30 20:05:00,100.92229,6495.53
2026-08-30 20:10:00,105.48,6504.31
2026-08-30 20:15:00,100.08313,6577.38
2026-08-30 20:20:00,101.71765,6509.98
2026-08-30 20:25:00,98.44603,6475.2
2026-08-30 20:30:00,97.54256,6490.91
2026-08-30 20:35:00,104.08344,6454.83
2026-08-30 20:40:00,110.41564,6464.12
2026-08-30 20:45:00,100.43273,6336.48
2026-08-30 20:50:00,99.99273,6373.87
2026-08-30 20:55:00,99.82212,6302.7
2026-08-30 21:00:00,99.84529,6283.24
2026-08-30 21:05:00,98.26309,6301.82
2026-08-30 21:10:00,105.48,6296.29
2026-08-30 21:15:00,105.48,6276.18
2026-08-30 21:20:00,102.69167,6253.45
2026-08-30 21:25:00,100.52565,6206.78
2026-08-30 21:30:00,95.70028,6110.96
2026-08-30 21:35:00,99.15976,6095.06
2026-08-30 21:40:00,105.48,6153.61
2026-08-30 21:45:00,104.5413,6085.82
2026-08-30 21:50:00,96.62396,5997.53
2026-08-30 21:55:00,96.21219,5993.37
2026-08-30 22:00:00,95.43987,5938.25
2026-08-30 22:05:00,92.0793,5893.33
2026-08-30 22:10:00,92.24589,5817.67
2026-08-30 22:15:00,91.48617,5796.2
2026-08-30 22:20:00,92.97973,5848.43
2026-08-30 22:25:00,92.4186,5822.79
2026-08-30 22:30:00,90.5,5720.12
2026-08-30 22:35:00,97.14533,5728.25
2026-08-30 22:40:00,92.10333,5699.57
2026-08-30 22:45:00,91.58864,5654.23
2026-08-30 22:50:00,90.5,5660.64
2026-08-30 22:55:00,82.83355,5547.05
2026-08-30 23:00:00,90.5,5631.07
2026-08-30 23:05:00,81.68,5592.68
2026-08-30 23:10:00,90.5,5617.19
2026-08-30 23:15:00,96.14899,5689.71
2026-08-30 23:20:00,89.28557,5690.49
2026-08-30 23:25:00,90.5,5815.21
2026-08-30 23:30:00,80.41975,5711.53
2026-08-30 23:35:00,90.5,5763.09
2026-08-30 23:40:00,90.99894,5667.67
2026-08-30 23:45:00,92.6052,5625.94
2026-08-30 23:50:00,90.5,5504.91
2026-08-30 23:55:00,91.31,5579.69
2026-08-31 00:00:00,91.31,5620.28
2026-08-31 00:05:00,91.31,5519.49
2026-08-31 00:10:00,91.31,5478.25
2026-08-31 00:15:00,99.06347,5602.03
2026-08-31 00:20:00,97.28942,5528.12
2026-08-31 00:25:00,91.73181,5443.76
2026-08-31 00:30:00,92.78838,5454.5
2026-08-31 00:35:00,91.31,5448.55
2026-08-31 00:40:00,97.08478,5557.44
2026-08-31 00:45:00,96.62947,5533.5
2026-08-31 00:50:00,96.56971,5500.83
2026-08-31 00:55:00,96.51723,5524.88
2026-08-31 01:00:00,94.54037,5458.21
2026-08-31 01:05:00,123.5192,5526.99
2026-08-31 01:10:00,123.99,5538.85
2026-08-31 01:15:00,95.33029,5483.4
2026-08-31 01:20:00,91.31,5481.18
2026-08-31 01:25:00,91.31,5427.96
2026-08-31 01:30:00,123.99,5393.0
2026-08-31 01:35:00,123.99,5399.73
2026-08-31 01:40:00,97.40756,5408.63
2026-08-31 01:45:00,91.31,5302.54
2026-08-31 01:50:00,93.51381,5274.09
2026-08-31 01:55:00,134.68,5337.36
2026-08-31 02:00:00,91.31,5313.36
2026-08-31 02:05:00,91.31,5271.54
2026-08-31 02:10:00,124.12,5286.56
2026-08-31 02:15:00,128.41,5288.43
2026-08-31 02:20:00,95.98342,5192.05
2026-08-31 02:25:00,132.75,5276.62
2026-08-31 02:30:00,130.45,5268.14
2026-08-31 02:35:00,128.62,5245.16
2026-08-31 02:40:00,124.12,5239.51
2026-08-31 02:45:00,124.12,5202.01
2026-08-31 02:50:00,104.03375,5161.47
2026-08-31 02:55:00,96.40374,5163.55
2026-08-31 03:00:00,95.63848,5182.68
2026-08-31 03:05:00,124.12,5354.68
2026-08-31 03:10:00,96.17056,5244.74
2026-08-31 03:15:00,97.15338,5227.17
2026-08-31 03:20:00,96.22959,5248.66
2026-08-31 03:25:00,93.53573,5205.54
2026-08-31 03:30:00,91.88697,5209.73
2026-08-31 03:35:00,95.73571,5252.12
2026-08-31 03:40:00,90.5,5091.69
2026-08-31 03:45:00,82.33063,5159.46
2026-08-31 03:50:00,96.81786,5318.77
2026-08-31 03:55:00,90.5,5126.81
2026-08-31 04:00:00,89.02753,5111.18
2026-08-31 04:05:00,86.27,4951.93
2026-08-31 04:10:00,86.27,5133.46
2026-08-31 04:15:00,74.04544,5010.36
2026-08-31 04:20:00,86.27,5103.85
2026-08-31 04:25:00,90.5,4986.28
2026-08-31 04:30:00,81.68,4873.48
2026-08-31 04:35:00,82.63052,4941.61
2026-08-31 04:40:00,81.94992,4892.4
2026-08-31 04:45:00,88.64922,4898.39
2026-08-31 04:50:00,90.5,5111.96
2026-08-31 04:55:00,88.16743,4979.27
2026-08-31 05:00:00,82.68032,4891.01
2026-08-31 05:05:00,84.67168,4971.63
2026-08-31 05:10:00,90.5,5055.83
2026-08-31 05:15:00,90.32674,5062.15
2026-08-31 05:20:00,97.36143,5159.45
2026-08-31 05:25:00,98.39523,5203.33
2026-08-31 05:30:00,94.36455,5257.32
2026-08-31 05:35:00,99.79149,5213.15
2026-08-31 05:40:00,88.18635,5281.17
2026-08-31 05:45:00,91.59112,5387.32
2026-08-31 05:50:00,102.70013,5450.37
2026-08-31 05:55:00,103.7,5459.78
2026-08-31 06:00:00,113.35572,5581.21
2026-08-31 06:05:00,90.5,5619.8
2026-08-31 06:10:00,107.09817,5759.88
2026-08-31 06:15:00,84.8312,5784.87
2026-08-31 06:20:00,96.12,5942.32
2026-08-31 06:25:00,90.5,5943.51
2026-08-31 06:30:00,95.68803,6050.66
2026-08-31 06:35:00,89.0,6109.33
2026-08-31 06:40:00,90.5,6180.68
2026-08-31 06:45:00,89.44924,6330.28
2026-08-31 06:50:00,89.0,5159.46
2026-08-31 06:55:00,88.74,6475.16
2026-08-31 07:00:00,92.96165,6549.66
2026-08-31 07:05:00,88.04,6638.84
2026-08-31 07:10:00,88.04,6688.26
2026-08-31 07:15:00,74.20096,6668.77
2026-08-31 07:20:00,68.48,6821.04
2026-08-31 07:25:00,68.48,6851.7
2026-08-31 07:30:00,69.32,6901.71
2026-08-31 07:35:00,68.48,6911.33
2026-08-31 07:40:00,53.8104,6864.24
2026-08-31 07:45:00,49.82,6884.79
2026-08-31 07:50:00,44.0,6899.74
2026-08-31 07:55:00,43.99998,6844.66
2026-08-31 08:00:00,42.48,6823.65
2026-08-31 08:05:00,33.28,6824.04
2026-08-31 08:10:00,23.27374,6873.55
2026-08-31 08:15:00,16.48,6793.61
2026-08-31 08:20:00,16.48,6736.14
2026-08-31 08:25:00,25.88857,6690.21
2026-08-31 08:30:00,15.29133,6629.01
2026-08-31 08:35:00,31.16469,6580.92
2026-08-31 08:40:00,27.14,6641.96
2026-08-31 08:45:00,26.36225,6674.42
2026-08-31 08:50:00,26.35396,6625.89
2026-08-31 08:55:00,22.67,6571.32
2026-08-31 09:00:00,15.19467,6512.76
2026-08-31 09:05:00,26.42995,6528.79
2026-08-31 09:10:00,24.84379,6437.55
2026-08-31 09:15:00,25.90667,6517.05
2026-08-31 09:20:00,26.09161,6472.92
2026-08-31 09:25:00,14.56155,6386.74
2026-08-31 09:30:00,13.47044,6334.09
2026-08-31 09:35:00,25.53069,6258.41
2026-08-31 09:40:00,23.9855,6028.85
2026-08-31 09:45:00,14.97561,5959.77
2026-08-31 09:50:00,14.95453,5874.41
2026-08-31 09:55:00,14.76127,5779.83
2026-08-31 10:00:00,1e-05,5602.34
2026-08-31 10:05:00,15.65583,5667.66
2026-08-31 10:10:00,20.88,5709.15
2026-08-31 10:15:00,14.54678,5721.96
2026-08-31 10:20:00,12.52,5438.7
2026-08-31 10:25:00,5.05,5464.21
2026-08-31 10:30:00,7.69246,5303.08
2026-08-31 10:35:00,14.22722,5321.06
2026-08-31 10:40:00,10.65,5325.45
2026-08-31 10:45:00,5.05,5205.73
2026-08-31 10:50:00,0.0,5018.41
2026-08-31 10:55:00,5.05,4846.09
2026-08-31 11:00:00,1.4,4721.69
2026-08-31 11:05:00,8.94,4688.19
2026-08-31 11:10:00,13.77741,4982.74
2026-08-31 11:15:00,5.05,4899.52
2026-08-31 11:20:00,10.5,4824.92
2026-08-31 11:25:00,1.01282,4570.58
2026-08-31 11:30:00,5.05,4653.55
2026-08-31 11:35:00,10.65643,4727.87
2026-08-31 11:40:00,12.96,4698.8
2026-08-31 11:45:00,0.67,4611.08
2026-08-31 11:50:00,13.31546,4531.56
2026-08-31 11:55:00,10.5,4652.83
2026-08-31 12:00:00,4.42,4512.72
2026-08-31 12:05:00,2.37062,4634.65
2026-08-31 12:10:00,12.96,4549.56
2026-08-31 12:15:00,12.96,4620.49
2026-08-31 12:20:00,9.62414,4478.55
2026-08-31 12:25:00,3.12702,4339.79
2026-08-31 12:30:00,7.17333,4346.02
2026-08-31 12:35:00,9.35446,4440.73
2026-08-31 12:40:00,8.90803,4445.96
2026-08-31 12:45:00,4.39819,4259.71
2026-08-31 12:50:00,1.4,4268.16
2026-08-31 12:55:00,-1.09049,4174.23
2026-08-31 13:00:00,1.4,4206.25
2026-08-31 13:05:00,2.45717,4358.74
2026-08-31 13:10:00,2.31779,4459.35
2026-08-31 13:15:00,2.12804,4485.73
2026-08-31 13:20:00,2.07376,4388.76
2026-08-31 13:25:00,-1.14329,4499.5
2026-08-31 13:30:00,0.19893,4373.75
2026-08-31 13:35:00,-3.63778,4297.55
2026-08-31 13:40:00,1.4,4152.25
2026-08-31 13:45:00,7.47441,4145.07
2026-08-31 13:50:00,2e-05,4160.16
2026-08-31 13:55:00,1.4,4164.68
2026-08-31 14:00:00,10.5,4199.97
2026-08-31 14:05:00,0.97886,4116.38
2026-08-31 14:10:00,1.3,4127.61
2026-08-31 14:15:00,12.5,4341.02
2026-08-31 14:20:00,12.98,4317.39
2026-08-31 14:25:00,12.5,4316.23
2026-08-31 14:30:00,13.58987,4400.53
2026-08-31 14:35:00,10.50005,4349.11
2026-08-31 14:40:00,12.28608,4276.46
2026-08-31 14:45:00,11.39,4235.09
2026-08-31 14:50:00,9.41992,4213.6
2026-08-31 14:55:00,10.2762,4184.42
2026-08-31 15:00:00,10.49995,4240.17
2026-08-31 15:05:00,10.59,4244.91
2026-08-31 15:10:00,10.41391,4280.36
2026-08-31 15:15:00,12.76988,4233.26
2026-08-31 15:20:00,10.5,4280.08
2026-08-31 15:25:00,14.75988,4382.55
2026-08-31 15:30:00,20.68,4498.86
2026-08-31 15:35:00,10.5,4530.52
2026-08-31 15:40:00,16.51811,4672.37
2026-08-31 15:45:00,10.65,4672.61
2026-08-31 15:50:00,10.67,4762.29
2026-08-31 15:55:00,15.69,4816.17
2026-08-31 16:00:00,25.08583,4857.86
2026-08-31 16:05:00,45.02921,4996.36
2026-08-31 16:10:00,34.00002,5086.52
2026-08-31 16:15:00,24.72365,5113.12
2026-08-31 16:20:00,50.54167,5218.89
2026-08-31 16:25:00,74.5866,5333.51
2026-08-31 16:30:00,73.25053,5418.11
2026-08-31 16:35:00,51.62916,5487.74
2026-08-31 16:40:00,71.02977,5528.82
2026-08-31 16:45:00,85.34817,5491.56
2026-08-31 16:50:00,107.07702,5719.63
2026-08-31 16:55:00,100.91297,5824.23
2026-08-31 17:00:00,95.59553,5875.21
2026-08-31 17:05:00,90.5,5995.0
2026-08-31 17:10:00,101.25411,6033.83
2026-08-31 17:15:00,99.13594,6136.09
2026-08-31 17:20:00,105.58186,6139.07
2026-08-31 17:25:00,111.98,6269.83
2026-08-31 17:30:00,124.92161,6350.85
2026-08-31 17:35:00,112.30431,6460.36
2026-08-31 17:40:00,106.67731,6457.92
2026-08-31 17:45:00,111.98,6572.01
2026-08-31 17:50:00,114.18524,6687.58
2026-08-31 17:55:00,115.24892,6757.08
2026-08-31 18:00:00,116.25812,6782.29
2026-08-31 18:05:00,111.98,6741.46
2026-08-31 18:10:00,112.98009,6853.38
2026-08-31 18:15:00,109.81488,6793.71
2026-08-31 18:20:00,111.19492,6802.33
2026-08-31 18:25:00,115.0,6956.5
2026-08-31 18:30:00,113.2786,6934.48
2026-08-31 18:35:00,106.59659,7009.88
2026-08-31 18:40:00,106.76906,7020.91
2026-08-31 18:45:00,113.45261,7038.51
2026-08-31 18:50:00,102.07431,6950.57
2026-08-31 18:55:00,111.98,6987.37
2026-08-31 19:00:00,111.57846,7000.04
2026-08-31 19:05:00,113.93398,7015.24
2026-08-31 19:10:00,104.46611,6964.23
2026-08-31 19:15:00,100.53,6926.57
2026-08-31 19:20:00,111.73295,6997.52
2026-08-31 19:25:00,107.83187,6934.03
2026-08-31 19:30:00,100.20815,6835.94
2026-08-31 19:35:00,100.1405,6850.09
2026-08-31 19:40:00,109.6415,6871.42
2026-08-31 19:45:00,106.11144,6845.47
2026-08-31 19:50:00,106.27847,6874.02
2026-08-31 19:55:00,104.52512,6862.85
2026-08-31 20:00:00,106.19796,6854.55
2026-08-31 20:05:00,106.28418,6831.02
2026-08-31 20:10:00,106.25512,6787.05
2026-08-31 20:15:00,99.62498,6757.76
2026-08-31 20:20:00,99.48,6696.46
2026-08-31 20:25:00,99.48,6676.05
2026-08-31 20:30:00,99.48,6757.23
2026-08-31 20:35:00,94.83106,6648.08
2026-08-31 20:40:00,98.3774,6673.39
2026-08-31 20:45:00,99.48,6657.88
2026-08-31 20:50:00,101.20606,6620.51
2026-08-31 20:55:00,89.38447,6565.01
2026-08-31 21:00:00,95.12298,6570.13
2026-08-31 21:05:00,89.30004,6522.22
2026-08-31 21:10:00,94.40334,6455.98
2026-08-31 21:15:00,95.16057,6402.97
2026-08-31 21:20:00,93.87402,6445.8
2026-08-31 21:25:00,93.71675,6398.28
2026-08-31 21:30:00,88.769,6356.96
2026-08-31 21:35:00,94.02527,6336.59
2026-08-31 21:40:00,87.78154,6293.6
2026-08-31 21:45:00,85.65078,6238.97
2026-08-31 21:50:00,83.5,6152.14
2026-08-31 21:55:00,77.20647,6078.94
2026-08-31 22:00:00,73.88585,6007.69
2026-08-31 22:05:00,83.84458,5994.02
2026-08-31 22:10:00,86.72733,5985.01
2026-08-31 22:15:00,81.81403,5979.75
2026-08-31 22:20:00,80.43211,5901.46
2026-08-31 22:25:00,79.52133,5929.51
2026-08-31 22:30:00,68.54431,5875.12
2026-08-31 22:35:00,84.81161,5741.24
2026-08-31 22:40:00,81.39404,5794.01
2026-08-31 22:45:00,75.56916,5719.96
2026-08-31 22:50:00,74.40525,5684.56
2026-08-31 22:55:00,76.78043,5836.56
2026-08-31 23:00:00,57.05172,5589.09
2026-08-31 23:05:00,80.88682,5644.46
2026-08-31 23:10:00,80.27345,5733.86
2026-08-31 23:15:00,74.24837,5676.69
2026-08-31 23:20:00,66.55168,5683.64
2026-08-31 23:25:00,72.97659,5708.86
2026-08-31 23:30:00,42.48,5707.43
2026-08-31 23:35:00,44.79616,5710.01
2026-08-31 23:40:00,35.94,5656.09
2026-08-31 23:45:00,20.65,5606.99
2026-08-31 23:50:00,12.5,5505.39
2026-08-31 23:55:00,19.18,5466.48
2026-09-01 00:00:00,13.73,5455.33
2026-09-01 00:05:00,12.5,5384.11
2026-09-01 00:10:00,19.18,5421.04
2026-09-01 00:15:00,12.5,5363.9
2026-09-01 00:20:00,10.65,5373.82
2026-09-01 00:25:00,12.96,5428.3
2026-09-01 00:30:00,10.64994,5421.27
2026-09-01 00:35:00,9.03272,5248.18
2026-09-01 00:40:00,8.94,5172.52
2026-09-01 00:45:00,10.5,5206.46
2026-09-01 00:50:00,10.5,5263.33
2026-09-01 00:55:00,10.65006,5295.03
2026-09-01 01:00:00,10.5,5296.15
2026-09-01 01:05:00,10.5,5321.76
2026-09-01 01:10:00,10.5,5299.75
2026-09-01 01:15:00,8.94,5283.92
2026-09-01 01:20:00,1.4,5197.17
2026-09-01 01:25:00,8.94,5202.0
2026-09-01 01:30:00,0.01,5095.65
2026-09-01 01:35:00,10.5,5132.86
2026-09-01 01:40:00,0.67,5061.72
2026-09-01 01:45:00,0.64,5135.28
2026-09-01 01:50:00,8.94,5134.47
2026-09-01 01:55:00,8.94,5179.05
2026-09-01 02:00:00,3e-05,5123.84
2026-09-01 02:05:00,10.5,5157.98
2026-09-01 02:10:00,0.75971,5028.86
2026-09-01 02:15:00,-0.05,4949.2
2026-09-01 02:20:00,-0.0497,5072.62
2026-09-01 02:25:00,-0.05,4991.2
2026-09-01 02:30:00,0.03998,5043.45
2026-09-01 02:35:00,0.0,4832.53
2026-09-01 02:40:00,0.0,4765.92
2026-09-01 02:45:00,0.67,5017.17
2026-09-01 02:50:00,-1e-05,4947.96
2026-09-01 02:55:00,1e-05,5002.42
2026-09-01 03:00:00,0.01,5099.0
2026-09-01 03:05:00,1e-05,5045.24
2026-09-01 03:10:00,-0.05,4978.98
2026-09-01 03:15:00,-0.05,4851.66
2026-09-01 03:20:00,-1e-05,4935.8
2026-09-01 03:25:00,-1e-05,4918.82
2026-09-01 03:30:00,-0.0497,4925.65
2026-09-01 03:35:00,-0.05,4889.02
2026-09-01 03:40:00,-0.05,4915.73
2026-09-01 03:45:00,-0.05,4939.13
2026-09-01 03:50:00,-0.05,4973.74
2026-09-01 03:55:00,-0.0497,5045.51
2026-09-01 04:00:00,-0.05,4819.03
2026-09-01 04:05:00,-1.1937,4743.72
2026-09-01 04:10:00,0.01025,4874.79
2026-09-01 04:15:00,0.01025,4856.33
2026-09-01 04:20:00,0.01025,4850.39
2026-09-01 04:25:00,0.01049,4949.59
2026-09-01 04:30:00,0.01,4820.5
2026-09-01 04:35:00,-1.1893,4676.45
2026-09-01 04:40:00,0.00026,4799.47
2026-09-01 04:45:00,-1.21997,4723.93
2026-09-01 04:50:00,-1.19578,4801.16
2026-09-01 04:55:00,0.00026,4888.47
2026-09-01 05:00:00,0.01,4913.43
2026-09-01 05:05:00,-1.2808,4891.1
2026-09-01 05:10:00,-1.19877,4900.76
2026-09-01 05:15:00,0.01,4996.34
2026-09-01 05:20:00,0.00036,4981.05
2026-09-01 05:25:00,0.01,5018.78
2026-09-01 05:30:00,0.00036,4954.82
2026-09-01 05:35:00,0.01,5032.69
2026-09-01 05:40:00,0.01,5084.1
2026-09-01 05:45:00,0.01,5141.72
2026-09-01 05:50:00,0.01,5173.73
2026-09-01 05:55:00,0.02,5238.17
2026-09-01 06:00:00,0.01,5288.37
2026-09-01 06:05:00,0.01,5341.94
2026-09-01 06:10:00,0.02,5459.47
2026-09-01 06:15:00,0.02,5581.89
2026-09-01 06:20:00,8.5,5651.9
2026-09-01 06:25:00,8.94,5730.88
2026-09-01 06:30:00,35.77723,5813.28
2026-09-01 06:35:00,30.87675,5795.92
2026-09-01 06:40:00,36.66569,5868.49
2026-09-01 06:45:00,34.34272,5979.97
2026-09-01 06:50:00,30.83174,6003.17
2026-09-01 06:55:00,35.97104,6108.91
2026-09-01 07:00:00,19.1463,6149.73
2026-09-01 07:05:00,16.73361,6194.92
2026-09-01 07:10:00,16.47527,6296.68
2026-09-01 07:15:00,9.04039,6267.59
2026-09-01 07:20:00,8.24836,6305.51
2026-09-01 07:25:00,3.75382,6300.86
2026-09-01 07:30:00,-6.45455,6330.78
2026-09-01 07:35:00,0.01,6346.79
2026-09-01 07:40:00,0.01,6340.63
2026-09-01 07:45:00,-2.94918,6247.51
2026-09-01 07:50:00,-5.0,6299.16
2026-09-01 07:55:00,-5.0,6162.0
2026-09-01 08:00:00,-6.0,6036.77
2026-09-01 08:05:00,-5.0,5998.51
2026-09-01 08:10:00,-5.0,5927.21
2026-09-01 08:15:00,-6.0,5834.68
2026-09-01 08:20:00,-6.0,5756.35
2026-09-01 08:25:00,-5.99992,5669.62
2026-09-01 08:30:00,-5.99992,5650.22
2026-09-01 08:35:00,-20.0,5483.82
2026-09-01 08:40:00,-5.03,5684.82
2026-09-01 08:45:00,-5.99992,5487.19
2026-09-01 08:50:00,-35.68,5081.96
2026-09-01 08:55:00,-8.01,5400.87
2026-09-01 09:00:00,-1.01771,5248.81
2026-09-01 09:05:00,-6.55,4999.45
2026-09-01 09:10:00,0.01,4931.58
2026-09-01 09:15:00,0.01,4979.75
2026-09-01 09:20:00,-5.03,4876.87
2026-09-01 09:25:00,-5.99992,4984.32
2026-09-01 09:30:00,-5.99992,4769.37
2026-09-01 09:35:00,0.01,4671.07
2026-09-01 09:40:00,-6.55,4381.89
2026-09-01 09:45:00,-20.0,4269.04
2026-09-01 09:50:00,-5.99992,4587.43
2026-09-01 09:55:00,-5.09,4505.68
2026-09-01 10:00:00,-6.55,4393.57
2026-09-01 10:05:00,-20.0,4307.28
2026-09-01 10:10:00,0.0,4355.44
2026-09-01 10:15:00,-5.99992,4162.5
2026-09-01 10:20:00,-5.03,4410.69
2026-09-01 10:25:00,-44.23,4240.27
2026-09-01 10:30:00,-59.99994,4340.13
2026-09-01 10:35:00,-59.47,4469.81
2026-09-01 10:40:00,-20.0,4528.51
2026-09-01 10:45:00,-48.64,4403.95
2026-09-01 10:50:00,-48.64,4467.2
2026-09-01 10:55:00,-20.0,4073.2
2026-09-01 11:00:00,-34.89,4141.81
2026-09-01 11:05:00,-20.0,4196.35
2026-09-01 11:10:00,-9.42308,4365.52
2026-09-01 11:15:00,-20.0,4343.75
2026-09-01 11:20:00,-59.47,4174.56
2026-09-01 11:25:00,-9.52847,4278.81
2026-09-01 11:30:00,-20.0,4248.1
2026-09-01 11:35:00,-20.0,4119.92
2026-09-01 11:40:00,-60.0,3996.27
2026-09-01 11:45:00,-59.47,4062.52
2026-09-01 11:50:00,-34.89,3976.39
2026-09-01 11:55:00,-44.23,4077.46
2026-09-01 12:00:00,-44.23,4160.22
2026-09-01 12:05:00,-44.23,4169.69
2026-09-01 12:10:00,-50.01,4235.23
2026-09-01 12:15:00,-50.01,4251.62
2026-09-01 12:20:00,-20.0,4079.43
2026-09-01 12:25:00,-20.0,4298.7
2026-09-01 12:30:00,-34.89,4055.84
2026-09-01 12:35:00,-36.12,4148.06
2026-09-01 12:40:00,-20.0,4308.41
2026-09-01 12:45:00,-44.23,4486.53
2026-09-01 12:50:00,-34.89,3990.84
2026-09-01 12:55:00,-44.23,4173.26
2026-09-01 13:00:00,-19.99,4148.12
2026-09-01 13:05:00,-10.13731,4139.73
2026-09-01 13:10:00,-20.0,3946.06
2026-09-01 13:15:00,-20.0,3970.25
2026-09-01 13:20:00,-39.06,4073.27
2026-09-01 13:25:00,-14.17249,4116.42
2026-09-01 13:30:00,-20.0,4104.57
2026-09-01 13:35:00,-19.99,4069.83
2026-09-01 13:40:00,-20.0,4020.95
2026-09-01 13:45:00,-20.0,4039.37
2026-09-01 13:50:00,-6.55,4105.9
2026-09-01 13:55:00,-6.55,4279.57
2026-09-01 14:00:00,-34.89,3710.44
2026-09-01 14:05:00,-6.55,4193.2
2026-09-01 14:10:00,-20.0,4187.52
2026-09-01 14:15:00,-20.0,4210.11
2026-09-01 14:20:00,-5.99992,4306.44
2026-09-01 14:25:00,-9.46796,4360.02
2026-09-01 14:30:00,-6.55,4481.81
2026-09-01 14:35:00,-6.55,4490.47
2026-09-01 14:40:00,-5.27096,4613.27
2026-09-01 14:45:00,-4.52921,4224.99
2026-09-01 14:50:00,-6.62677,4664.08
2026-09-01 14:55:00,-4.68,4604.5
2026-09-01 15:00:00,-3.5061,4571.45
2026-09-01 15:05:00,-4.68,4719.73
2026-09-01 15:10:00,-4.68,5038.77
2026-09-01 15:15:00,-4.68,5150.33
2026-09-01 15:20:00,-4.42005,5072.13
2026-09-01 15:25:00,-4.68,5174.44
2026-09-01 15:30:00,0.0,5149.73
2026-09-01 15:35:00,0.01,5275.88
2026-09-01 15:40:00,-0.53,5297.54
2026-09-01 15:45:00,0.01,5341.17
2026-09-01 15:50:00,13.42,5216.46
2026-09-01 15:55:00,0.01,5424.66
2026-09-01 16:00:00,22.67,5493.2
2026-09-01 16:05:00,12.96,5612.48
2026-09-01 16:10:00,16.38391,5618.13
2026-09-01 16:15:00,12.96,5639.98
2026-09-01 16:20:00,48.19323,5662.86
2026-09-01 16:25:00,48.34926,5711.14
2026-09-01 16:30:00,19.45362,5661.08
2026-09-01 16:35:00,31.68903,5732.73
2026-09-01 16:40:00,13.07,5833.42
2026-09-01 16:45:00,13.07,5941.33
2026-09-01 16:50:00,10.5,5948.45
2026-09-01 16:55:00,10.65006,5965.48
2026-09-01 17:00:00,10.64994,6189.53
2026-09-01 17:05:00,13.07,6354.59
2026-09-01 17:10:00,10.64994,6403.6
2026-09-01 17:15:00,10.64994,6389.55
2026-09-01 17:20:00,3.95004,6279.34
2026-09-01 17:25:00,8.94,6291.9
2026-09-01 17:30:00,10.50028,6352.25
2026-09-01 17:35:00,8.94,6277.7
2026-09-01 17:40:00,10.5,6265.59
2026-09-01 17:45:00,10.5,6272.3
2026-09-01 17:50:00,10.65,6285.96
2026-09-01 17:55:00,10.65,6351.81
2026-09-01 18:00:00,10.5,6411.98
2026-09-01 18:05:00,10.49974,6419.06
2026-09-01 18:10:00,10.49974,6364.56
2026-09-01 18:15:00,10.49974,6371.51
2026-09-01 18:20:00,10.65,6389.36
2026-09-01 18:25:00,10.5,6396.55
2026-09-01 18:30:00,10.65,6373.3
2026-09-01 18:35:00,10.65,6394.57
2026-09-01 18:40:00,10.50026,6318.87
2026-09-01 18:45:00,10.50052,6353.86
2026-09-01 18:50:00,10.5,6334.7
2026-09-01 18:55:00,15.37973,6327.94
2026-09-01 19:00:00,13.09,6341.45
2026-09-01 19:05:00,10.65,6294.62
2026-09-01 19:10:00,10.65,6233.98
2026-09-01 19:15:00,10.5,6220.92
2026-09-01 19:20:00,10.5,6278.14
2026-09-01 19:25:00,10.5,6327.89
2026-09-01 19:30:00,8.94,6300.4
2026-09-01 19:35:00,8.94,6304.28
2026-09-01 19:40:00,10.49977,6289.13
2026-09-01 19:45:00,10.49977,6241.56
2026-09-01 19:50:00,10.5,6285.53
2026-09-01 19:55:00,10.5,6255.76
2026-09-01 20:00:00,10.5,6232.46
2026-09-01 20:05:00,10.5,6207.26
2026-09-01 20:10:00,10.5,6233.06
2026-09-01 20:15:00,0.67,6160.06
2026-09-01 20:20:00,10.49977,6112.28
2026-09-01 20:25:00,10.50023,6115.28
2026-09-01 20:30:00,10.65,6135.98
2026-09-01 20:35:00,5.05228,6012.36
2026-09-01 20:40:00,10.4995,6037.11
2026-09-01 20:45:00,10.5,5990.32
2026-09-01 20:50:00,10.5,5953.43
2026-09-01 20:55:00,10.65,5941.43
2026-09-01 21:00:00,10.49977,5868.01
2026-09-01 21:05:00,10.49955,5814.74
2026-09-01 21:10:00,10.5,5792.55
2026-09-01 21:15:00,10.5,5819.32
2026-09-01 21:20:00,10.5,5781.68
2026-09-01 21:25:00,10.5,5747.59
2026-09-01 21:30:00,10.5,5743.1
2026-09-01 21:35:00,10.47026,5680.62
2026-09-01 21:40:00,8.94,5651.51
2026-09-01 21:45:00,0.02,5634.42
2026-09-01 21:50:00,0.65,5646.98
2026-09-01 21:55:00,0.02,5555.56
2026-09-01 22:00:00,0.02,5505.89
2026-09-01 22:05:00,0.02,5451.0
2026-09-01 22:10:00,0.02,5464.44
2026-09-01 22:15:00,0.02,5448.32
2026-09-01 22:20:00,0.02,5473.6
2026-09-01 22:25:00,0.02,5418.49
2026-09-01 22:30:00,0.02,5384.8
2026-09-01 22:35:00,0.41719,5336.42
2026-09-01 22:40:00,8.94,5300.2
2026-09-01 22:45:00,8.94,5283.44
2026-09-01 22:50:00,8.94,5231.45
2026-09-01 22:55:00,8.94,5216.27
2026-09-01 23:00:00,0.02,5124.5
2026-09-01 23:05:00,0.02,5093.79
2026-09-01 23:10:00,8.94,5214.79
2026-09-01 23:15:00,10.49956,5252.41
2026-09-01 23:20:00,10.50026,5239.54
2026-09-01 23:25:00,10.12982,5211.02
2026-09-01 23:30:00,10.50026,5205.92
2026-09-01 23:35:00,10.5,5181.57
2026-09-01 23:40:00,10.5,5101.49
2026-09-01 23:45:00,10.65,5079.89
2026-09-01 23:50:00,10.5,5069.08
2026-09-01 23:55:00,10.5,5033.91
2026-09-02 00:00:00,10.5,4991.04
2026-09-02 00:05:00,10.5,5000.42
2026-09-02 00:10:00,10.65,5001.7
2026-09-02 00:15:00,10.65006,4990.74
2026-09-02 00:20:00,10.64994,4996.46
2026-09-02 00:25:00,10.65,4930.71
2026-09-02 00:30:00,10.65,4952.27
2026-09-02 00:35:00,10.65,4963.3
2026-09-02 00:40:00,10.50026,4905.5
2026-09-02 00:45:00,10.50044,4870.46
2026-09-02 00:50:00,10.50026,4882.05
2026-09-02 00:55:00,10.5,4868.23
2026-09-02 01:00:00,10.5,4872.75
2026-09-02 01:05:00,10.50026,4812.95
2026-09-02 01:10:00,33.28,4842.81
2026-09-02 01:15:00,33.28,4811.45
2026-09-02 01:20:00,55.67,4802.18
2026-09-02 01:25:00,54.52903,4803.22
2026-09-02 01:30:00,35.45,4784.11
2026-09-02 01:35:00,33.28,4734.84
2026-09-02 01:40:00,33.28,4746.5
2026-09-02 01:45:00,33.29,4688.39
2026-09-02 01:50:00,33.28,4692.94
2026-09-02 01:55:00,33.29,4655.12
2026-09-02 02:00:00,50.56429,4683.09
2026-09-02 02:05:00,52.4378,4653.45
2026-09-02 02:10:00,33.36,4628.39
2026-09-02 02:15:00,54.59885,4597.31
2026-09-02 02:20:00,48.4,4585.6
2026-09-02 02:25:00,33.35,4549.92
2026-09-02 02:30:00,50.55287,4546.74
2026-09-02 02:35:00,52.10008,4520.91
2026-09-02 02:40:00,52.19288,4583.64
2026-09-02 02:45:00,50.76656,4530.65
2026-09-02 02:50:00,59.60135,4534.3
2026-09-02 02:55:00,48.41,4474.53
2026-09-02 03:00:00,48.45,4473.5
2026-09-02 03:05:00,53.69231,4468.83
2026-09-02 03:10:00,61.22906,4543.78
2026-09-02 03:15:00,53.60531,4491.17
2026-09-02 03:20:00,53.12316,4443.68
2026-09-02 03:25:00,53.48986,4444.2
2026-09-02 03:30:00,60.4131,4423.45
2026-09-02 03:35:00,67.36,4433.92
2026-09-02 03:40:00,76.13243,4440.41
2026-09-02 03:45:00,55.30204,4460.97
2026-09-02 03:50:00,55.62901,4462.8
2026-09-02 03:55:00,61.96797,4464.3
2026-09-02 04:00:00,61.44822,4451.8
2026-09-02 04:05:00,53.39899,4466.66
2026-09-02 04:10:00,69.57277,4485.68
2026-09-02 04:15:00,61.41736,4479.72
2026-09-02 04:20:00,61.81,4487.97
2026-09-02 04:25:00,61.81,4842.81
2026-09-02 04:30:00,61.81,4508.57
2026-09-02 04:35:00,59.49512,4528.52
2026-09-02 04:40:00,61.77354,4554.92
2026-09-02 04:45:00,59.17557,4561.46
2026-09-02 04:50:00,67.00296,4734.89
2026-09-02 04:55:00,66.39375,4707.34
2026-09-02 05:00:00,61.81,4602.42
2026-09-02 05:05:00,59.52265,4650.68
2026-09-02 05:10:00,61.91098,4698.19
2026-09-02 05:15:00,61.81,4752.45
2026-09-02 05:20:00,55.67,4758.56
2026-09-02 05:25:00,61.81,4782.88
2026-09-02 05:30:00,62.85421,4843.04
2026-09-02 05:35:00,61.81,4915.75
2026-09-02 05:40:00,48.48,4897.69
2026-09-02 05:45:00,63.48,5120.15
2026-09-02 05:50:00,63.48,5162.43
2026-09-02 05:55:00,65.88957,5019.99
2026-09-02 06:00:00,63.48,5096.14
2026-09-02 06:05:00,64.53212,5144.53
2026-09-02 06:10:00,72.42475,5251.02
2026-09-02 06:15:00,75.87,5326.76
2026-09-02 06:20:00,75.49747,5402.15
2026-09-02 06:25:00,75.87,5451.51
2026-09-02 06:30:00,75.87,5530.82
2026-09-02 06:35:00,63.48,5547.75
2026-09-02 06:40:00,75.87,5647.6
2026-09-02 06:45:00,75.87,5707.23
2026-09-02 06:50:00,75.36587,5752.26
2026-09-02 06:55:00,69.32,5823.24
2026-09-02 07:00:00,71.99671,5869.39
2026-09-02 07:05:00,55.67,5922.79
2026-09-02 07:10:00,51.0,5945.81
2026-09-02 07:15:00,51.0,6002.66
2026-09-02 07:20:00,49.49375,6035.06
2026-09-02 07:25:00,33.27,6053.38
2026-09-02 07:30:00,33.27,6084.49
2026-09-02 07:35:00,33.27,6095.0
2026-09-02 07:40:00,33.27,6138.56
2026-09-02 07:45:00,31.48,6160.42
2026-09-02 07:50:00,31.64,6161.38
2026-09-02 07:55:00,31.48,6361.06
2026-09-02 08:00:00,27.14,6250.97
2026-09-02 08:05:00,22.46756,6089.55
2026-09-02 08:10:00,25.72015,6302.25
2026-09-02 08:15:00,22.67,6303.77
2026-09-02 08:20:00,25.47987,6240.07
2026-09-02 08:25:00,25.89216,6200.24
2026-09-02 08:30:00,9.66006,6002.87
2026-09-02 08:35:00,10.49948,5937.19
2026-09-02 08:40:00,15.07739,5890.13
2026-09-02 08:45:00,12.5,5834.64
2026-09-02 08:50:00,13.95329,5857.18
2026-09-02 08:55:00,4.42,5799.83
2026-09-02 09:00:00,10.50052,5649.21
2026-09-02 09:05:00,17.03546,5717.58
2026-09-02 09:10:00,16.81857,5766.81
2026-09-02 09:15:00,4.42,5633.24
2026-09-02 09:20:00,10.49974,5615.81
2026-09-02 09:25:00,20.29274,5703.31
2026-09-02 09:30:00,6.14258,5644.0
2026-09-02 09:35:00,6.26076,5451.8
2026-09-02 09:40:00,4.04,5410.6
2026-09-02 09:45:00,8.94,5356.48
2026-09-02 09:50:00,10.65,5388.31
2026-09-02 09:55:00,4.42,5325.72
2026-09-02 10:00:00,4.22,5315.38
2026-09-02 10:05:00,1.43,5249.14
2026-09-02 10:10:00,8.94,5208.95
2026-09-02 10:15:00,21.42,5282.2
2026-09-02 10:20:00,21.42,5416.85
2026-09-02 10:25:00,10.64994,5433.3
2026-09-02 10:30:00,13.07,5636.27
2026-09-02 10:35:00,14.21791,5450.22
2026-09-02 10:40:00,12.96,5623.46
2026-09-02 10:45:00,6.16003,5443.33
2026-09-02 10:50:00,8.93996,5300.51
2026-09-02 10:55:00,8.94,5343.72
2026-09-02 11:00:00,10.65,5430.61
2026-09-02 11:05:00,15.53694,5614.48
2026-09-02 11:10:00,13.07,5758.47
2026-09-02 11:15:00,12.5,5832.05
2026-09-02 11:20:00,12.5,5782.83
2026-09-02 11:25:00,1.43,5943.46
2026-09-02 11:30:00,1.43,5838.28
2026-09-02 11:35:00,10.49976,5781.8
2026-09-02 11:40:00,10.65,5901.73
2026-09-02 11:45:00,10.49976,5764.78
2026-09-02 11:50:00,8.94,5656.85
2026-09-02 11:55:00,10.67006,5686.33
2026-09-02 12:00:00,10.5,5621.12
2026-09-02 12:05:00,8.94,5553.48
2026-09-02 12:10:00,10.49959,5474.08
2026-09-02 12:15:00,13.07,5418.51
2026-09-02 12:20:00,9.65006,5351.16
2026-09-02 12:25:00,11.64,5492.7
2026-09-02 12:30:00,8.76772,5312.08
2026-09-02 12:35:00,1.43,5218.13
2026-09-02 12:40:00,1.43,5147.62
2026-09-02 12:45:00,1.4,5138.85
2026-09-02 12:50:00,1.43,5048.0
2026-09-02 12:55:00,8.94,4981.63
2026-09-02 13:00:00,8.80029,5078.34
2026-09-02 13:05:00,0.53,5097.14
2026-09-02 13:10:00,0.01,4928.34
2026-09-02 13:15:00,-3.42,4789.11
2026-09-02 13:20:00,0.01,4850.95
2026-09-02 13:25:00,-3.42,4744.25
2026-09-02 13:30:00,-2.99,4834.18
2026-09-02 13:35:00,-5.1,4638.04
2026-09-02 13:40:00,-5.03,4655.14
2026-09-02 13:45:00,-5.03,4579.98
2026-09-02 13:50:00,-3.96995,4538.95
2026-09-02 13:55:00,-3.81,4523.8
2026-09-02 14:00:00,-4.17072,4509.94
2026-09-02 14:05:00,-5.0,4722.64
2026-09-02 14:10:00,-3.76487,4612.39
2026-09-02 14:15:00,-5.0,4671.57
2026-09-02 14:20:00,-5.09,4359.42
2026-09-02 14:25:00,-5.09,4082.65
2026-09-02 14:30:00,-5.0,4052.06
2026-09-02 14:35:00,-4.05946,4283.3
2026-09-02 14:40:00,-3.5,4385.37
2026-09-02 14:45:00,0.0,4403.11
2026-09-02 14:50:00,0.00025,4352.93
2026-09-02 14:55:00,0.00031,4305.6
2026-09-02 15:00:00,-5.0,4243.75
2026-09-02 15:05:00,0.01008,4319.76
2026-09-02 15:10:00,0.0,4309.64
2026-09-02 15:15:00,0.01049,4298.1
2026-09-02 15:20:00,8.94,4581.93
2026-09-02 15:25:00,15.0082,4615.78
2026-09-02 15:30:00,13.20981,4630.65
2026-09-02 15:35:00,20.89001,4682.37
2026-09-02 15:40:00,21.23741,4803.35
2026-09-02 15:45:00,24.32801,4851.78
2026-09-02 15:50:00,24.1771,4915.46
2026-09-02 15:55:00,23.93829,5151.6
2026-09-02 16:00:00,24.03264,4923.87
2026-09-02 16:05:00,1.9582,4788.07
2026-09-02 16:10:00,14.67378,4997.77
2026-09-02 16:15:00,64.0,5338.57
2026-09-02 16:20:00,63.07685,5315.01
2026-09-02 16:25:00,72.49103,5405.13
2026-09-02 16:30:00,93.04851,5483.82
2026-09-02 16:35:00,72.73024,5308.1
2026-09-02 16:40:00,82.09446,5364.45
2026-09-02 16:45:00,80.97722,5571.01
2026-09-02 16:50:00,63.48,5507.68
2026-09-02 16:55:00,81.28926,5598.81
2026-09-02 17:00:00,86.49712,5703.7
2026-09-02 17:05:00,63.48,5769.71
2026-09-02 17:10:00,63.48,5853.07
2026-09-02 17:15:00,75.87,5950.34
2026-09-02 17:20:00,81.35301,5987.06
2026-09-02 17:25:00,81.07458,6119.25
2026-09-02 17:30:00,80.16465,6201.38
2026-09-02 17:35:00,77.66706,6274.75
2026-09-02 17:40:00,78.0,6356.32
2026-09-02 17:45:00,76.32481,6365.23
2026-09-02 17:50:00,78.89097,6483.7
2026-09-02 17:55:00,85.48,6538.64
2026-09-02 18:00:00,85.48,6588.86
2026-09-02 18:05:00,77.74603,6631.98
2026-09-02 18:10:00,78.0,6626.67
2026-09-02 18:15:00,78.0,6639.72
2026-09-02 18:20:00,78.0,6689.62
2026-09-02 18:25:00,77.76614,6760.36
2026-09-02 18:30:00,80.85309,6877.09
2026-09-02 18:35:00,78.0,6871.3
2026-09-02 18:40:00,77.93747,6839.12
2026-09-02 18:45:00,75.87,6789.71
2026-09-02 18:50:00,75.87,6811.75
2026-09-02 18:55:00,75.87,6738.71
2026-09-02 19:00:00,76.83359,6764.42
2026-09-02 19:05:00,77.65192,6736.51
2026-09-02 19:10:00,76.38379,6681.48
2026-09-02 19:15:00,76.8909,6690.28
2026-09-02 19:20:00,76.31937,6670.54
2026-09-02 19:25:00,75.87,6662.87
2026-09-02 19:30:00,75.87,6650.67
2026-09-02 19:35:00,77.14098,6685.74
2026-09-02 19:40:00,75.87,6688.76
2026-09-02 19:45:00,75.87,6613.63
2026-09-02 19:50:00,70.44187,6630.79
2026-09-02 19:55:00,75.59805,6670.75
2026-09-02 20:00:00,75.18764,6661.42
2026-09-02 20:05:00,76.05663,6596.17
2026-09-02 20:10:00,69.72882,6598.64
2026-09-02 20:15:00,75.15389,6599.81
2026-09-02 20:20:00,77.29255,6571.31
2026-09-02 20:25:00,77.31963,6507.62
2026-09-02 20:30:00,75.87,6386.47
2026-09-02 20:35:00,79.73912,6360.75
2026-09-02 20:40:00,85.90769,6438.2
2026-09-02 20:45:00,86.67,6388.58
2026-09-02 20:50:00,88.24875,6274.81
2026-09-02 20:55:00,92.04822,6308.39
2026-09-02 21:00:00,100.53,6303.53
2026-09-02 21:05:00,103.83473,6273.46
2026-09-02 21:10:00,107.48,6221.5
2026-09-02 21:15:00,98.91349,6120.74
2026-09-02 21:20:00,96.10945,6092.2
2026-09-02 21:25:00,87.32952,6028.94
2026-09-02 21:30:00,85.48002,6091.09
2026-09-02 21:35:00,90.51084,6062.65
2026-09-02 21:40:00,84.40215,5957.05
2026-09-02 21:45:00,82.99336,5984.12
2026-09-02 21:50:00,75.4462,5914.21
2026-09-02 21:55:00,74.36932,5855.96
2026-09-02 22:00:00,69.60374,5821.73
2026-09-02 22:05:00,69.40868,5703.51
2026-09-02 22:10:00,61.23699,5721.32
2026-09-02 22:15:00,60.64599,5724.18
2026-09-02 22:20:00,60.18374,5732.44
2026-09-02 22:25:00,59.22437,5708.46
2026-09-02 22:30:00,58.69571,5655.02
2026-09-02 22:35:00,62.5027,5610.72
2026-09-02 22:40:00,62.34713,5607.51
2026-09-02 22:45:00,62.56549,5581.23
2026-09-02 22:50:00,61.49271,5462.31
2026-09-02 22:55:00,56.59692,5415.39
2026-09-02 23:00:00,57.97281,5510.01
2026-09-02 23:05:00,41.22073,5537.29
2026-09-02 23:10:00,41.22112,5517.33
2026-09-02 23:15:00,35.94007,5621.43
2026-09-02 23:20:00,24.91908,5592.02
2026-09-02 23:25:00,19.18,5639.2
2026-09-02 23:30:00,12.5,5436.28
2026-09-02 23:35:00,15.1485,5445.61
2026-09-02 23:40:00,19.18,5519.71
2026-09-02 23:45:00,14.78922,5441.09
2026-09-02 23:50:00,12.52,5372.24
2026-09-02 23:55:00,12.5,5348.25
2026-09-03 00:00:00,10.5,5321.47
2026-09-03 00:05:00,14.55483,5292.86
2026-09-03 00:10:00,27.14,5481.42
2026-09-03 00:15:00,14.80646,5400.41
2026-09-03 00:20:00,15.77105,5343.84
2026-09-03 00:25:00,15.77207,5443.36
2026-09-03 00:30:00,10.65,5225.35
2026-09-03 00:35:00,27.14,5374.38
2026-09-03 00:40:00,27.14,5306.0
2026-09-03 00:45:00,12.5,5185.03
2026-09-03 00:50:00,10.65,5135.6
2026-09-03 00:55:00,0.02,5015.66
2026-09-03 01:00:00,12.19,5236.58
2026-09-03 01:05:00,10.65,5207.18
2026-09-03 01:10:00,10.65,5248.69
2026-09-03 01:15:00,9.5,5213.58
2026-09-03 01:20:00,8.94,5128.01
2026-09-03 01:25:00,10.49988,5193.58
2026-09-03 01:30:00,10.5,5161.78
2026-09-03 01:35:00,8.94,5127.81
2026-09-03 01:40:00,8.94,5110.45
2026-09-03 01:45:00,0.64,5104.5
2026-09-03 01:50:00,0.02,5075.98
2026-09-03 01:55:00,5.05,5126.0
2026-09-03 02:00:00,3.49,5126.5
2026-09-03 02:05:00,1.4,5116.44
2026-09-03 02:10:00,5.05,5111.83
2026-09-03 02:15:00,0.64,5027.71
2026-09-03 02:20:00,5.05,5022.15
2026-09-03 02:25:00,0.64,5061.36
2026-09-03 02:30:00,0.02,4963.27
2026-09-03 02:35:00,0.02,5099.43
2026-09-03 02:40:00,0.02,5058.7
2026-09-03 02:45:00,0.02,5045.92
2026-09-03 02:50:00,0.01,4869.69
2026-09-03 02:55:00,0.01,4899.19
2026-09-03 03:00:00,0.01,4902.63
2026-09-03 03:05:00,0.01,5032.55
2026-09-03 03:10:00,0.01,4998.19
2026-09-03 03:15:00,0.01,4869.85
2026-09-03 03:20:00,0.01,4935.83
2026-09-03 03:25:00,0.01,4898.11
2026-09-03 03:30:00,0.01,4858.33
2026-09-03 03:35:00,0.01,4925.25
2026-09-03 03:40:00,0.01,4924.15
2026-09-03 03:45:00,0.01,4943.48
2026-09-03 03:50:00,0.01,4920.66
2026-09-03 03:55:00,0.01,5005.23
2026-09-03 04:00:00,0.01,4914.88
2026-09-03 04:05:00,0.01004,4931.68
2026-09-03 04:10:00,0.01004,4949.16
2026-09-03 04:15:00,0.01004,4936.18
2026-09-03 04:20:00,0.01004,4775.55
2026-09-03 04:25:00,0.01004,4702.24
2026-09-03 04:30:00,0.01004,4789.36
2026-09-03 04:35:00,0.01004,4741.53
2026-09-03 04:40:00,0.01004,4764.07
2026-09-03 04:45:00,0.01004,4781.3
2026-09-03 04:50:00,0.01004,4797.12
2026-09-03 04:55:00,0.01004,4839.06
2026-09-03 05:00:00,0.01004,4827.14
2026-09-03 05:05:00,0.01004,4841.28
2026-09-03 05:10:00,0.01004,4919.5
2026-09-03 05:15:00,0.01004,4935.31
2026-09-03 05:20:00,0.01004,5035.26
2026-09-03 05:25:00,0.01004,4964.34
2026-09-03 05:30:00,0.01004,5045.07
2026-09-03 05:35:00,0.01004,5094.74
2026-09-03 05:40:00,0.01004,5045.24
2026-09-03 05:45:00,0.01004,5089.48
2026-09-03 05:50:00,0.02,5201.76
2026-09-03 05:55:00,0.02,5241.59
2026-09-03 06:00:00,0.02,5251.55
2026-09-03 06:05:00,10.5,5333.59
2026-09-03 06:10:00,12.21006,5496.05
2026-09-03 06:15:00,10.65006,5529.33
2026-09-03 06:20:00,10.65006,5611.93
2026-09-03 06:25:00,22.67,5735.98
2026-09-03 06:30:00,10.50023,5755.31
2026-09-03 06:35:00,10.65006,5837.59
2026-09-03 06:40:00,13.44,5938.79
2026-09-03 06:45:00,12.52,6004.42
2026-09-03 06:50:00,10.50026,6071.69
2026-09-03 06:55:00,10.65006,6111.26
2026-09-03 07:00:00,10.65006,6199.26
2026-09-03 07:05:00,10.65006,6299.29
2026-09-03 07:10:00,10.50026,6242.72
2026-09-03 07:15:00,12.53006,6398.01
2026-09-03 07:20:00,22.13183,6549.5
2026-09-03 07:25:00,10.50052,6463.13
2026-09-03 07:30:00,0.01,6435.4
2026-09-03 07:35:00,10.49948,6348.1
2026-09-03 07:40:00,0.01004,6401.3
2026-09-03 07:45:00,8.94004,6378.14
2026-09-03 07:50:00,0.05008,6355.68
2026-09-03 07:55:00,0.01004,6303.18
2026-09-03 08:00:00,0.01004,6233.7
2026-09-03 08:05:00,-4.35382,6282.75
2026-09-03 08:10:00,-6.53442,6354.87
2026-09-03 08:15:00,-6.90865,6251.14
2026-09-03 08:20:00,-6.0,6342.23
2026-09-03 08:25:00,-4.67,6351.79
2026-09-03 08:30:00,-4.67,6195.32
2026-09-03 08:35:00,0.01004,6313.67
2026-09-03 08:40:00,0.01004,6345.24
2026-09-03 08:45:00,0.0,6152.92
2026-09-03 08:50:00,-1.12554,6107.48
2026-09-03 08:55:00,0.0,6059.36
2026-09-03 09:00:00,0.01004,6076.29
2026-09-03 09:05:00,0.00033,6155.59
2026-09-03 09:10:00,0.01004,6287.6
2026-09-03 09:15:00,0.01004,6339.89
2026-09-03 09:20:00,0.01004,6300.87
2026-09-03 09:25:00,0.01004,6312.98
2026-09-03 09:30:00,0.01004,6227.61
2026-09-03 09:35:00,3.39439,6165.6
2026-09-03 09:40:00,37.43,6116.08
2026-09-03 09:45:00,92.42,6082.88
2026-09-03 09:50:00,83.21271,6151.31
2026-09-03 09:55:00,55.67,6047.2
2026-09-03 10:00:00,92.42,6062.39
2026-09-03 10:05:00,110.36,6029.93
2026-09-03 10:10:00,127.48,6049.34
2026-09-03 10:15:00,216.99588,6144.31
2026-09-03 10:20:00,60.45024,5918.61
2026-09-03 10:25:00,29.36339,5855.09
2026-09-03 10:30:00,22.67,5800.25
2026-09-03 10:35:00,29.26783,5783.08
2026-09-03 10:40:00,29.00556,5713.91
2026-09-03 10:45:00,1.43,5951.3
2026-09-03 10:50:00,6e-05,5813.7
2026-09-03 10:55:00,-4.89,5891.48
2026-09-03 11:00:00,-8.96118,5556.45
2026-09-03 11:05:00,0.01004,5849.74
2026-09-03 11:10:00,0.01004,6051.09
2026-09-03 11:15:00,0.00027,5675.71
2026-09-03 11:20:00,0.01004,5703.66
2026-09-03 11:25:00,0.01,5711.82
2026-09-03 11:30:00,0.01004,5787.2
2026-09-03 11:35:00,0.01004,5892.41
2026-09-03 11:40:00,19.18,5980.78
2026-09-03 11:45:00,24.42,5985.75
2026-09-03 11:50:00,19.18,6061.44
2026-09-03 11:55:00,27.87939,5843.19
2026-09-03 12:00:00,19.18,5739.84
2026-09-03 12:05:00,54.88,5761.55
2026-09-03 12:10:00,46.5,5973.12
2026-09-03 12:15:00,29.41858,5986.15
2026-09-03 12:20:00,30.28883,5836.6
2026-09-03 12:25:00,29.18723,5847.81
2026-09-03 12:30:00,27.98912,5847.51
2026-09-03 12:35:00,19.18,5887.23
2026-09-03 12:40:00,19.18,5808.39
2026-09-03 12:45:00,19.18,5772.04
2026-09-03 12:50:00,0.01033,5797.9
2026-09-03 12:55:00,0.01033,5709.53
2026-09-03 13:00:00,0.01008,5788.5
2026-09-03 13:05:00,10.50026,5668.53
2026-09-03 13:10:00,10.5,5657.68
2026-09-03 13:15:00,1.4,5544.19
2026-09-03 13:20:00,13.07,5563.9
2026-09-03 13:25:00,13.07,5443.83
2026-09-03 13:30:00,1.4,5385.95
2026-09-03 13:35:00,10.50026,5410.02
2026-09-03 13:40:00,10.5,5368.12
2026-09-03 13:45:00,0.01008,5554.27
2026-09-03 13:50:00,0.78,5582.54
2026-09-03 13:55:00,7.04,5588.04
2026-09-03 14:00:00,13.07,5428.52
2026-09-03 14:05:00,0.01004,5121.57
2026-09-03 14:10:00,0.00013,5217.74
2026-09-03 14:15:00,0.00013,5157.46
2026-09-03 14:20:00,0.01004,5067.82
2026-09-03 14:25:00,0.01004,5170.22
2026-09-03 14:30:00,-2.98996,4834.45
2026-09-03 14:35:00,0.00013,4827.64
2026-09-03 14:40:00,0.00013,4766.92
2026-09-03 14:45:00,-7.61778,4753.95
2026-09-03 14:50:00,-6.0,4635.24
2026-09-03 14:55:00,-5.03,4661.02
2026-09-03 15:00:00,0.01008,4625.09
2026-09-03 15:05:00,-2.98996,4494.78
2026-09-03 15:10:00,0.01004,4390.84
2026-09-03 15:15:00,-12.43477,4606.65
2026-09-03 15:20:00,-9.11474,4574.58
2026-09-03 15:25:00,0.01008,4764.72
2026-09-03 15:30:00,-2.98996,4679.51
2026-09-03 15:35:00,-9.40614,4573.66
2026-09-03 15:40:00,-6.50011,4790.92
2026-09-03 15:45:00,-6.72484,4857.59
2026-09-03 15:50:00,-6.70236,5080.05
2026-09-03 15:55:00,-6.0,4995.73
2026-09-03 16:00:00,10.5,5095.18
2026-09-03 16:05:00,0.01008,4880.79
2026-09-03 16:10:00,0.01008,4854.59
2026-09-03 16:15:00,-0.94048,5039.61
2026-09-03 16:20:00,-6.7791,5159.05
2026-09-03 16:25:00,10.5001,5214.85
2026-09-03 16:30:00,35.87,5199.33
2026-09-03 16:35:00,80.83144,5338.13
2026-09-03 16:40:00,86.76,5466.06
2026-09-03 16:45:00,110.01,5811.53
2026-09-03 16:50:00,81.68,5806.5
2026-09-03 16:55:00,100.84151,5879.66
2026-09-03 17:00:00,99.95115,5958.54
2026-09-03 17:05:00,95.07863,6105.51
2026-09-03 17:10:00,94.86005,6132.74
2026-09-03 17:15:00,94.9,6211.78
2026-09-03 17:20:00,93.06659,6098.61
2026-09-03 17:25:00,94.60126,6221.95
2026-09-03 17:30:00,97.80808,6289.39
2026-09-03 17:35:00,96.36186,6328.88
2026-09-03 17:40:00,95.94439,6458.82
2026-09-03 17:45:00,110.01,6502.15
2026-09-03 17:50:00,94.01072,6519.11
2026-09-03 17:55:00,110.5,6630.42
2026-09-03 18:00:00,110.5,6739.61
2026-09-03 18:05:00,107.66164,6784.9
2026-09-03 18:10:00,98.40907,6719.43
2026-09-03 18:15:00,110.91889,6703.66
2026-09-03 18:20:00,127.6242,6944.96
2026-09-03 18:25:00,119.58,7028.32
2026-09-03 18:30:00,144.44638,7003.84
2026-09-03 18:35:00,110.36,7001.79
2026-09-03 18:40:00,111.3512,7078.79
2026-09-03 18:45:00,119.8462,7057.91
2026-09-03 18:50:00,120.49101,6995.9
2026-09-03 18:55:00,110.36,6900.93
2026-09-03 19:00:00,119.86498,7000.46
2026-09-03 19:05:00,120.43818,6963.82
2026-09-03 19:10:00,118.57108,6905.54
2026-09-03 19:15:00,131.25088,6922.07
2026-09-03 19:20:00,120.57901,6921.21
2026-09-03 19:25:00,130.26805,6896.96
2026-09-03 19:30:00,140.55999,6872.92
2026-09-03 19:35:00,121.42963,6858.03
2026-09-03 19:40:00,120.67476,6838.9
2026-09-03 19:45:00,140.94615,6894.73
2026-09-03 19:50:00,133.17462,6852.31
2026-09-03 19:55:00,131.51275,6859.23
2026-09-03 20:00:00,141.63079,6884.19
2026-09-03 20:05:00,129.77091,6863.43
2026-09-03 20:10:00,132.17382,6883.99
2026-09-03 20:15:00,132.34656,6843.93
2026-09-03 20:20:00,137.79389,6755.44
2026-09-03 20:25:00,131.28252,6788.09
2026-09-03 20:30:00,136.7628,6735.57
2026-09-03 20:35:00,129.06,6753.15
2026-09-03 20:40:00,129.06,6747.79
2026-09-03 20:45:00,153.57307,6691.26
2026-09-03 20:50:00,143.27484,6679.33
2026-09-03 20:55:00,115.77723,6673.61
2026-09-03 21:00:00,122.35,6645.31
2026-09-03 21:05:00,157.71,6520.18
2026-09-03 21:10:00,157.71,6557.3
2026-09-03 21:15:00,139.0,6514.79
2026-09-03 21:20:00,139.53826,6435.75
2026-09-03 21:25:00,143.52201,6465.6
2026-09-03 21:30:00,139.1096,6464.52
2026-09-03 21:35:00,139.0255,6430.38
2026-09-03 21:40:00,140.08599,6390.1
2026-09-03 21:45:00,121.41909,6343.75
2026-09-03 21:50:00,110.01,6318.99
2026-09-03 21:55:00,133.9333,6205.87
2026-09-03 22:00:00,120.38591,6216.92
2026-09-03 22:05:00,104.78997,6167.79
2026-09-03 22:10:00,99.65956,6155.78
2026-09-03 22:15:00,111.61148,6119.06
2026-09-03 22:20:00,111.54139,6091.26
2026-09-03 22:25:00,113.41229,6057.28
2026-09-03 22:30:00,90.87438,5951.07
2026-09-03 22:35:00,90.32247,5971.86
2026-09-03 22:40:00,110.01,5900.14
2026-09-03 22:45:00,110.01,5924.82
2026-09-03 22:50:00,94.26388,5840.98
2026-09-03 22:55:00,90.83,5749.38
2026-09-03 23:00:00,110.01,5802.2
2026-09-03 23:05:00,110.01,5802.5
2026-09-03 23:10:00,99.66981,5890.5
2026-09-03 23:15:00,98.02307,5866.66
2026-09-03 23:20:00,92.95582,5823.96
2026-09-03 23:25:00,110.01,5833.88
2026-09-03 23:30:00,91.78482,5778.94
2026-09-03 23:35:00,108.35717,5787.88
2026-09-03 23:40:00,88.09352,5782.23
2026-09-03 23:45:00,87.7988,5728.97
2026-09-03 23:50:00,87.85012,5657.22
2026-09-03 23:55:00,92.97696,5659.77
2026-09-04 00:00:00,91.63163,5654.59
2026-09-04 00:05:00,95.14277,5634.85
2026-09-04 00:10:00,108.87807,5620.53
2026-09-04 00:15:00,111.55423,5570.65
2026-09-04 00:20:00,120.0458,5607.39
2026-09-04 00:25:00,136.85477,5579.96
2026-09-04 00:30:00,130.41502,5566.55
2026-09-04 00:35:00,136.58628,5425.35
2026-09-04 00:40:00,115.34036,5447.4
2026-09-04 00:45:00,134.27172,5434.51
2026-09-04 00:50:00,111.53737,5396.91
2026-09-04 00:55:00,110.01,5361.97
2026-09-04 01:00:00,100.4793,5260.66
2026-09-04 01:05:00,94.63493,5231.66
2026-09-04 01:10:00,93.93056,5265.19
2026-09-04 01:15:00,93.45592,5258.88
2026-09-04 01:20:00,89.93639,5172.75
2026-09-04 01:25:00,96.21647,5246.31
2026-09-04 01:30:00,91.4283,5245.55
2026-09-04 01:35:00,92.79049,5227.56
2026-09-04 01:40:00,91.6671,5197.04
2026-09-04 01:45:00,91.91515,5101.33
2026-09-04 01:50:00,98.24956,5125.16
2026-09-04 01:55:00,98.86761,5097.66
2026-09-04 02:00:00,98.83429,5027.09
2026-09-04 02:05:00,103.54837,5143.04
2026-09-04 02:10:00,103.54774,5182.7
2026-09-04 02:15:00,94.06688,5158.62
2026-09-04 02:20:00,92.58703,5162.94
2026-09-04 02:25:00,85.85324,5012.63
2026-09-04 02:30:00,92.34612,5031.74
2026-09-04 02:35:00,93.70589,5127.05
2026-09-04 02:40:00,80.88315,5112.09
2026-09-04 02:45:00,80.24864,5103.8
2026-09-04 02:50:00,82.97512,5068.27
2026-09-04 02:55:00,81.93341,5075.27
2026-09-04 03:00:00,91.90167,5210.27
2026-09-04 03:05:00,81.94799,4973.54
2026-09-04 03:10:00,82.64183,5038.1
2026-09-04 03:15:00,80.55994,4964.43
2026-09-04 03:20:00,88.0719,5117.06
2026-09-04 03:25:00,93.75424,5161.39
2026-09-04 03:30:00,89.15132,5115.52
2026-09-04 03:35:00,95.64561,5154.24
2026-09-04 03:40:00,107.66071,5163.83
2026-09-04 03:45:00,109.32282,5215.07
2026-09-04 03:50:00,109.1239,5230.49
2026-09-04 03:55:00,108.29047,5218.82
2026-09-04 04:00:00,97.83116,5137.08
2026-09-04 04:05:00,96.02162,5095.25
2026-09-04 04:10:00,110.94898,5342.4
2026-09-04 04:15:00,104.71434,5194.12
2026-09-04 04:20:00,104.20019,5233.42
2026-09-04 04:25:00,104.87737,5232.83
2026-09-04 04:30:00,117.32319,5431.97
2026-09-04 04:35:00,102.86213,5237.3
2026-09-04 04:40:00,113.11319,5444.86
2026-09-04 04:45:00,118.5,5521.41
2026-09-04 04:50:00,108.80169,5329.53
2026-09-04 04:55:00,119.88647,5435.24
2026-09-04 05:00:00,121.73512,5486.01
2026-09-04 05:05:00,124.52037,5487.7
2026-09-04 05:10:00,128.78347,5485.72
2026-09-04 05:15:00,134.68,5447.99
2026-09-04 05:20:00,118.5,5359.04
2026-09-04 05:25:00,130.63869,5511.93
2026-09-04 05:30:00,127.21602,5439.96
2026-09-04 05:35:00,118.5,5489.49
2026-09-04 05:40:00,135.29422,5572.26
2026-09-04 05:45:00,126.19103,5601.55
2026-09-04 05:50:00,146.56694,5663.81
2026-09-04 05:55:00,131.02003,5743.45
2026-09-04 06:00:00,155.48,5741.27
2026-09-04 06:05:00,161.862,6022.67
2026-09-04 06:10:00,127.48,5896.93
2026-09-04 06:15:00,128.67,5979.48
2026-09-04 06:20:00,202.76472,6147.83
2026-09-04 06:25:00,237.64752,6270.2
2026-09-04 06:30:00,252.65,6189.53
2026-09-04 06:35:00,252.68,6249.61
2026-09-04 06:40:00,203.60182,6421.16
2026-09-04 06:45:00,252.65,6450.94
2026-09-04 06:50:00,252.65,6597.73
2026-09-04 06:55:00,184.0,6640.9
2026-09-04 07:00:00,118.5,6711.59
2026-09-04 07:05:00,127.48,6756.25
2026-09-04 07:10:00,108.48,6727.09
2026-09-04 07:15:00,101.81618,6776.1
2026-09-04 07:20:00,103.01511,6891.79
2026-09-04 07:25:00,90.5,6915.13
2026-09-04 07:30:00,87.70352,6942.11
2026-09-04 07:35:00,110.19633,6954.41
2026-09-04 07:40:00,100.02743,6937.12
2026-09-04 07:45:00,99.97108,6950.27
2026-09-04 07:50:00,99.92751,6956.99
2026-09-04 07:55:00,83.5,6833.12
2026-09-04 08:00:00,98.10907,6800.92
2026-09-04 08:05:00,159.77667,6801.88
2026-09-04 08:10:00,180.50785,6739.42
2026-09-04 08:15:00,97.90508,6684.88
2026-09-04 08:20:00,69.31,6668.62
2026-09-04 08:25:00,81.68,6669.27
2026-09-04 08:30:00,60.2052,6515.65
2026-09-04 08:35:00,46.40544,6362.3
2026-09-04 08:40:00,46.37606,6293.52
2026-09-04 08:45:00,83.38509,6238.19
2026-09-04 08:50:00,58.27661,6139.64
2026-09-04 08:55:00,26.17913,6120.52
2026-09-04 09:00:00,25.71661,6048.6
2026-09-04 09:05:00,81.12422,5946.66
2026-09-04 09:10:00,29.0511,5928.75
2026-09-04 09:15:00,22.12,5924.39
2026-09-04 09:20:00,20.68,5819.96
2026-09-04 09:25:00,22.12,5890.15
2026-09-04 09:30:00,20.42,5991.7
2026-09-04 09:35:00,0.01,5984.52
2026-09-04 09:40:00,0.01,5768.24
2026-09-04 09:45:00,-0.54992,5422.38
2026-09-04 09:50:00,0.01,5260.18
2026-09-04 09:55:00,0.0103,5214.75
2026-09-04 10:00:00,-0.54986,5379.86
2026-09-04 10:05:00,-0.55,5212.45
2026-09-04 10:10:00,0.00023,5086.98
2026-09-04 10:15:00,0.0,5171.2
2026-09-04 10:20:00,0.0,5046.94
2026-09-04 10:25:00,-4.41,5018.67
2026-09-04 10:30:00,-1.05852,5057.86
2026-09-04 10:35:00,7.85764,4945.3
2026-09-04 10:40:00,8.14959,5045.43
2026-09-04 10:45:00,7.04,4861.29
2026-09-04 10:50:00,7.04,5924.39
2026-09-04 10:55:00,0.01054,5103.89
2026-09-04 11:00:00,0.0103,5010.89
2026-09-04 11:05:00,0.01,4919.71
2026-09-04 11:10:00,0.01079,5135.65
2026-09-04 11:15:00,0.0103,5062.64
2026-09-04 11:20:00,-0.55,5192.88
2026-09-04 11:25:00,7.04,5021.19
2026-09-04 11:30:00,1.29729,4986.29
2026-09-04 11:35:00,0.01026,4821.08
2026-09-04 11:40:00,0.01,4908.33
2026-09-04 11:45:00,0.0103,4873.85
2026-09-04 11:50:00,0.01,5010.95
2026-09-04 11:55:00,-0.55,5212.04
2026-09-04 12:00:00,-0.54992,5112.04
2026-09-04 12:05:00,0.0,5023.12
2026-09-04 12:10:00,2e-05,4961.72
2026-09-04 12:15:00,2.4498,4913.35
2026-09-04 12:20:00,5e-05,5008.89
2026-09-04 12:25:00,-0.55,4998.81
2026-09-04 12:30:00,0.0,4985.13
2026-09-04 12:35:00,0.0,5284.92
2026-09-04 12:40:00,0.00026,5306.14
2026-09-04 12:45:00,2e-05,5261.28
2026-09-04 12:50:00,0.01,5261.11
2026-09-04 12:55:00,0.01004,5355.46
2026-09-04 13:00:00,0.01004,5480.55
2026-09-04 13:05:00,0.01004,5659.63
2026-09-04 13:10:00,0.0,5519.86
2026-09-04 13:15:00,0.0,5751.2
2026-09-04 13:20:00,0.00025,5383.4
2026-09-04 13:25:00,1.43,5713.85
2026-09-04 13:30:00,0.01004,5745.6
2026-09-04 13:35:00,0.01053,5599.48
2026-09-04 13:40:00,5.05,5377.78
2026-09-04 13:45:00,1.43,5302.24
2026-09-04 13:50:00,6.91,5264.5
2026-09-04 13:55:00,4.42,5303.74
2026-09-04 14:00:00,0.01004,5594.44
2026-09-04 14:05:00,0.44,5535.1
2026-09-04 14:10:00,0.01034,5532.3
2026-09-04 14:15:00,1.4,5683.68
2026-09-04 14:20:00,1.4,5850.99
2026-09-04 14:25:00,0.01004,5646.87
2026-09-04 14:30:00,0.01004,5743.4
2026-09-04 14:35:00,0.01004,5606.18
2026-09-04 14:40:00,1.2053,5661.01
2026-09-04 14:45:00,0.01004,5686.66
2026-09-04 14:50:00,0.01004,5750.18
2026-09-04 14:55:00,0.58819,5988.18
2026-09-04 15:00:00,2.35695,5906.02
2026-09-04 15:05:00,0.01004,5650.19
2026-09-04 15:10:00,-2.03837,5488.79
2026-09-04 15:15:00,0.01,5429.89
2026-09-04 15:20:00,0.01,5438.09
2026-09-04 15:25:00,0.01,5506.73
2026-09-04 15:30:00,0.01,5331.43
2026-09-04 15:35:00,-0.96036,5287.36
2026-09-04 15:40:00,0.0001,5399.86
2026-09-04 15:45:00,0.0001,5418.18
2026-09-04 15:50:00,0.01,5545.15
2026-09-04 15:55:00,0.01,5548.92
2026-09-04 16:00:00,0.01,5596.37
2026-09-04 16:05:00,0.01,5667.18
2026-09-04 16:10:00,0.54109,5795.75
2026-09-04 16:15:00,10.35,5760.72
2026-09-04 16:20:00,46.5,6132.92
2026-09-04 16:25:00,56.05731,6156.84
2026-09-04 16:30:00,33.27,6207.93
2026-09-04 16:35:00,10.5,5947.82
2026-09-04 16:40:00,7.48,6030.76
2026-09-04 16:45:00,10.49974,6071.0
2026-09-04 16:50:00,10.5,6121.59
2026-09-04 16:55:00,10.5,6205.93
2026-09-04 17:00:00,10.5,6248.71
2026-09-04 17:05:00,10.5,6314.38
2026-09-04 17:10:00,10.5,6460.85
2026-09-04 17:15:00,10.5,6417.92
2026-09-04 17:20:00,36.43308,6479.12
2026-09-04 17:25:00,46.30597,6536.47
2026-09-04 17:30:00,16.03081,6566.62
2026-09-04 17:35:00,13.55757,6626.22
2026-09-04 17:40:00,14.01921,6802.5
2026-09-04 17:45:00,0.13248,6732.73
2026-09-04 17:50:00,-29.03519,6675.34
2026-09-04 17:55:00,15.30261,6780.62
2026-09-04 18:00:00,15.3052,6819.52
2026-09-04 18:05:00,3.43541,6930.15
2026-09-04 18:10:00,-29.11691,6794.44
2026-09-04 18:15:00,13.10974,6823.27
2026-09-04 18:20:00,8.94,6863.39
2026-09-04 18:25:00,10.64996,7088.34
2026-09-04 18:30:00,12.5,6974.12
2026-09-04 18:35:00,10.64996,7055.07
2026-09-04 18:40:00,10.65002,6941.94
2026-09-04 18:45:00,10.64996,6977.27
2026-09-04 18:50:00,10.64996,6929.64
2026-09-04 18:55:00,14.04,7102.0
2026-09-04 19:00:00,10.64992,6994.29
2026-09-04 19:05:00,-23.02478,6779.17
2026-09-04 19:10:00,20.35929,6844.25
2026-09-04 19:15:00,10.64992,6960.79
2026-09-04 19:20:00,10.64992,6967.36
2026-09-04 19:25:00,6.94004,6890.05
2026-09-04 19:30:00,17.40779,6785.73
2026-09-04 19:35:00,-60.90557,6965.42
2026-09-04 19:40:00,22.48468,6751.81
2026-09-04 19:45:00,-60.84183,6963.2
2026-09-04 19:50:00,10.65,7003.15
2026-09-04 19:55:00,-8.3492,6706.73
2026-09-04 20:00:00,8.7121,6833.61
2026-09-04 20:05:00,-48.15502,7039.37
2026-09-04 20:10:00,-2.99,6786.0
2026-09-04 20:15:00,-10.53414,6742.96
2026-09-04 20:20:00,0.01,6703.17
2026-09-04 20:25:00,-5.0,6710.73
2026-09-04 20:30:00,-2.99,6650.51
2026-09-04 20:35:00,-20.13911,6609.0
2026-09-04 20:40:00,0.01008,6601.2
2026-09-04 20:45:00,-5.0,6512.61
2026-09-04 20:50:00,-10.76584,6324.49
2026-09-04 20:55:00,-5.0,6347.7
2026-09-04 21:00:00,-5.0,6294.9
2026-09-04 21:05:00,-2.99,6280.85
2026-09-04 21:10:00,-19.46317,6299.79
2026-09-04 21:15:00,-5.0,6327.34
2026-09-04 21:20:00,-5.0,6289.38
2026-09-04 21:25:00,-5.0,6228.0
2026-09-04 21:30:00,-5.0,6117.61
2026-09-04 21:35:00,-5.0,6109.53
2026-09-04 21:40:00,-5.0,6279.44
2026-09-04 21:45:00,-13.88855,6018.05
2026-09-04 21:50:00,-15.28327,5981.11
2026-09-04 21:55:00,-5.0,6040.59
2026-09-04 22:00:00,-15.48671,5941.43
2026-09-04 22:05:00,-5.0,5851.68
2026-09-04 22:10:00,-5.0,5749.89
2026-09-04 22:15:00,-6.67,5843.41
2026-09-04 22:20:00,-6.67,5770.68
2026-09-04 22:25:00,-6.67,5646.35
2026-09-04 22:30:00,-5.0,5681.73
2026-09-04 22:35:00,-0.55,5632.43
2026-09-04 22:40:00,-0.55,5617.31
2026-09-04 22:45:00,-0.55,5602.32
2026-09-04 22:50:00,-0.55,5502.03
2026-09-04 22:55:00,-1.15124,5428.26
2026-09-04 23:00:00,-1.17491,5441.41
2026-09-04 23:05:00,-0.55,5496.69
2026-09-04 23:10:00,-1.1589,5541.14
2026-09-04 23:15:00,0.01,5599.03
2026-09-04 23:20:00,0.00022,5624.77
2026-09-04 23:25:00,-5.0,5604.71
2026-09-04 23:30:00,-5.0,5573.24
2026-09-04 23:35:00,-5.0,5453.47
2026-09-04 23:40:00,0.00022,5526.23
2026-09-04 23:45:00,-0.55,5417.32
2026-09-04 23:50:00,-0.55,5404.73
2026-09-04 23:55:00,-0.55,5369.33
2026-09-05 00:00:00,0.0,5334.41
2026-09-05 00:05:00,0.0,5331.87
2026-09-05 00:10:00,3e-05,5356.95
2026-09-05 00:15:00,-5.0,5359.16
2026-09-05 00:20:00,-0.55,5242.33
2026-09-05 00:25:00,-0.55,5279.52
2026-09-05 00:30:00,-0.55,5240.77
2026-09-05 00:35:00,-1.12242,5141.27
2026-09-05 00:40:00,-1.53381,5100.8
2026-09-05 00:45:00,-0.55,5093.29
2026-09-05 00:50:00,-0.55,5073.1
2026-09-05 00:55:00,-0.55,5002.28
2026-09-05 01:00:00,-0.55,4926.63
2026-09-05 01:05:00,-1.10211,4856.02
2026-09-05 01:10:00,-5.0,4820.2
2026-09-05 01:15:00,-5.0,4784.31
2026-09-05 01:20:00,-5.0,4779.73
2026-09-05 01:25:00,-5.0,4856.43
2026-09-05 01:30:00,-5.0,4785.03
2026-09-05 01:35:00,-5.0,4758.86
2026-09-05 01:40:00,-5.09,4703.37
2026-09-05 01:45:00,-5.09,4731.65
2026-09-05 01:50:00,-5.09,4686.73
2026-09-05 01:55:00,-5.09,4593.71
2026-09-05 02:00:00,-5.09,4610.93
2026-09-05 02:05:00,-5.0,4606.3
2026-09-05 02:10:00,-5.0,4534.73
2026-09-05 02:15:00,-5.0,4594.29
2026-09-05 02:20:00,-5.0,4571.3
2026-09-05 02:25:00,-5.0,4540.24
2026-09-05 02:30:00,-5.09,4513.3
2026-09-05 02:35:00,-6.0,4407.15
2026-09-05 02:40:00,-6.0,4416.28
2026-09-05 02:45:00,-5.61,4421.11
2026-09-05 02:50:00,-5.0,4476.56
2026-09-05 02:55:00,-5.09,4436.76
2026-09-05 03:00:00,-5.09,4438.95
2026-09-05 03:05:00,-5.09,4434.5
2026-09-05 03:10:00,-5.09,4426.68
2026-09-05 03:15:00,-5.09,4346.8
2026-09-05 03:20:00,-5.0,4352.73
2026-09-05 03:25:00,-5.09,4327.37
2026-09-05 03:30:00,-5.0,4394.71
2026-09-05 03:35:00,-5.0,4358.78
2026-09-05 03:40:00,-5.09,4377.07
2026-09-05 03:45:00,-5.09,4376.39
2026-09-05 03:50:00,-5.09,4382.15
2026-09-05 03:55:00,-5.09,4379.73
2026-09-05 04:00:00,-5.09,4281.21
2026-09-05 04:05:00,-5.0,4271.93
2026-09-05 04:10:00,-5.0,4378.79
2026-09-05 04:15:00,-5.09,4353.55
2026-09-05 04:20:00,-5.09,4341.49
2026-09-05 04:25:00,-5.09,4344.51
2026-09-05 04:30:00,-5.61,4353.51
2026-09-05 04:35:00,-5.0,4388.88
2026-09-05 04:40:00,-5.61,4302.8
2026-09-05 04:45:00,-5.61,4292.1
2026-09-05 04:50:00,-5.09,4351.26
2026-09-05 04:55:00,-5.09,4382.87
2026-09-05 05:00:00,-5.09,4346.12
2026-09-05 05:05:00,-5.0,4427.54
2026-09-05 05:10:00,-5.0,4438.09
2026-09-05 05:15:00,-5.09,4455.73
2026-09-05 05:20:00,-5.09,4424.38
2026-09-05 05:25:00,-6.4999,4363.31
2026-09-05 05:30:00,-6.4999,4339.56
2026-09-05 05:35:00,-5.61,4374.14
2026-09-05 05:40:00,-5.09,4389.51
2026-09-05 05:45:00,-5.09,4366.54
2026-09-05 05:50:00,-5.0,4467.73
2026-09-05 05:55:00,-5.09,4478.45
2026-09-05 06:00:00,-5.09,4498.11
2026-09-05 06:05:00,-5.09,4548.5
2026-09-05 06:10:00,-5.61,4505.45
2026-09-05 06:15:00,-6.4999,4534.84
2026-09-05 06:20:00,-5.09,4585.53
2026-09-05 06:25:00,-5.09,4619.52
2026-09-05 06:30:00,-5.0,4719.26
2026-09-05 06:35:00,-5.0,4742.22
2026-09-05 06:40:00,-1.14333,4826.97
2026-09-05 06:45:00,-2.99,4875.65
2026-09-05 06:50:00,-5.0,4802.62
2026-09-05 06:55:00,-5.0,4822.63
2026-09-05 07:00:00,-5.0,4894.21
2026-09-05 07:05:00,-5.0,4898.76
2026-09-05 07:10:00,-5.0,4871.19
2026-09-05 07:15:00,-5.0,4995.19
2026-09-05 07:20:00,-5.0,5036.56
2026-09-05 07:25:00,-5.0,5048.41
2026-09-05 07:30:00,-5.18512,5077.71
2026-09-05 07:35:00,-5.0,5047.42
2026-09-05 07:40:00,-5.0,5090.14
2026-09-05 07:45:00,-5.0,5107.46
2026-09-05 07:50:00,-5.17704,5129.13
2026-09-05 07:55:00,-5.67757,5125.57
2026-09-05 08:00:00,-5.61,5236.99
2026-09-05 08:05:00,-3.51006,5262.53
2026-09-05 08:10:00,-4.926,5275.2
2026-09-05 08:15:00,-5.0,5316.56
2026-09-05 08:20:00,-5.17422,5294.52
2026-09-05 08:25:00,-5.0,5316.56
2026-09-05 08:30:00,-5.09783,5238.94
2026-09-05 08:35:00,-5.17972,5241.3
2026-09-05 08:40:00,-5.0,5301.32
2026-09-05 08:45:00,-5.0,5348.83
2026-09-05 08:50:00,-3.69514,5337.19
2026-09-05 08:55:00,-2.69335,5372.06
2026-09-05 09:00:00,-5.76192,5283.72
2026-09-05 09:05:00,-5.0,5268.37
2026-09-05 09:10:00,-1.18979,5319.55
2026-09-05 09:15:00,-0.55,5273.01
2026-09-05 09:20:00,-0.55,5196.25
2026-09-05 09:25:00,-1.11712,5217.94
2026-09-05 09:30:00,-6.03776,5172.14
2026-09-05 09:35:00,-5.84277,5116.37
2026-09-05 09:40:00,-1.16195,5180.81
2026-09-05 09:45:00,-5.0,5150.92
2026-09-05 09:50:00,-5.0,5148.64
2026-09-05 09:55:00,-5.0,5076.35
2026-09-05 10:00:00,-5.37707,5002.13
2026-09-05 10:05:00,-6.93,4930.8
2026-09-05 10:10:00,-5.0,5200.65
2026-09-05 10:15:00,-6.91688,4927.72
2026-09-05 10:20:00,-5.88907,4920.32
2026-09-05 10:25:00,-7.63982,4835.59
2026-09-05 10:30:00,-7.78077,4693.07
2026-09-05 10:35:00,-8.58944,4680.44
2026-09-05 10:40:00,-7.2504,4671.47
2026-09-05 10:45:00,-8.31084,4498.78
2026-09-05 10:50:00,-8.04576,4417.72
2026-09-05 10:55:00,-8.7,4421.87
2026-09-05 11:00:00,-7.82838,4361.03
2026-09-05 11:05:00,-8.7,4254.43
2026-09-05 11:10:00,-7.882,4375.94
2026-09-05 11:15:00,-8.7,4346.61
2026-09-05 11:20:00,-8.7,4290.41
2026-09-05 11:25:00,-17.06,4137.61
2026-09-05 11:30:00,-16.54,3996.12
2026-09-05 11:35:00,-10.1,4131.76
2026-09-05 11:40:00,-15.7396,3946.98
2026-09-05 11:45:00,-16.54,4069.25
2026-09-05 11:50:00,-8.39504,3992.25
2026-09-05 11:55:00,-7.11144,4341.11
2026-09-05 12:00:00,-8.22096,4034.02
2026-09-05 12:05:00,-8.01,4303.92
2026-09-05 12:10:00,-8.57415,4333.46
2026-09-05 12:15:00,-7.62503,4342.47
2026-09-05 12:20:00,-8.79994,4372.74
2026-09-05 12:25:00,-8.7,4361.1
2026-09-05 12:30:00,-8.61073,4349.51
2026-09-05 12:35:00,-8.7,4413.71
2026-09-05 12:40:00,-8.84,4310.63
2026-09-05 12:45:00,-8.7,4236.04
2026-09-05 12:50:00,-9.0055,4332.3
2026-09-05 12:55:00,-8.87401,4220.89
2026-09-05 13:00:00,-9.74196,3940.84
2026-09-05 13:05:00,-9.53537,3962.79
2026-09-05 13:10:00,-8.7,3993.97
2026-09-05 13:15:00,-8.0,4081.9
2026-09-05 13:20:00,-8.49954,3965.81
2026-09-05 13:25:00,-8.7,4194.43
2026-09-05 13:30:00,-8.7,4266.24
2026-09-05 13:35:00,-8.49565,4327.62
2026-09-05 13:40:00,-8.14777,4344.64
2026-09-05 13:45:00,-7.80087,4361.08
2026-09-05 13:50:00,-7.59983,4266.51
2026-09-05 13:55:00,-8.84,4117.99
2026-09-05 14:00:00,-7.51,4174.67
2026-09-05 14:05:00,-7.51,4305.37
2026-09-05 14:10:00,-7.55628,4244.03
2026-09-05 14:15:00,-7.5,4116.29
2026-09-05 14:20:00,-7.43439,4087.19
2026-09-05 14:25:00,-6.93,4138.33
2026-09-05 14:30:00,-7.5,4110.47
2026-09-05 14:35:00,-9.89,4095.82
2026-09-05 14:40:00,-16.54,4086.2
2026-09-05 14:45:00,-14.62809,4216.19
2026-09-05 14:50:00,-8.0,3965.44
2026-09-05 14:55:00,-7.51,4019.25
2026-09-05 15:00:00,-7.46596,4158.37
2026-09-05 15:05:00,-7.6725,4274.05
2026-09-05 15:10:00,-7.51,4332.91
2026-09-05 15:15:00,-7.41646,4566.32
2026-09-05 15:20:00,-7.81559,4426.64
2026-09-05 15:25:00,-6.81727,4771.03
2026-09-05 15:30:00,-7.51,4594.79
2026-09-05 15:35:00,-6.93,4836.43
2026-09-05 15:40:00,-6.93,4814.59
2026-09-05 15:45:00,-6.93,4929.67
2026-09-05 15:50:00,-7.73657,4893.06
2026-09-05 15:55:00,-9.33,4798.06
2026-09-05 16:00:00,-7.78041,4603.37
2026-09-05 16:05:00,-7.83081,4588.6
2026-09-05 16:10:00,-11.01036,4566.76
2026-09-05 16:15:00,-7.74528,4657.94
2026-09-05 16:20:00,-6.93,4812.6
2026-09-05 16:25:00,-6.93,4739.64
2026-09-05 16:30:00,-8.49916,5046.64
2026-09-05 16:35:00,-32.20786,5036.47
2026-09-05 16:40:00,-20.0,5154.2
2026-09-05 16:45:00,-5.0,5134.54
2026-09-05 16:50:00,-5.0,5453.92
2026-09-05 16:55:00,-5.0,5546.87
2026-09-05 17:00:00,-5.0,5610.41
2026-09-05 17:05:00,-5.0,5614.34
2026-09-05 17:10:00,0.01,5717.29
2026-09-05 17:15:00,0.01,5758.97
2026-09-05 17:20:00,-5.0,5803.09
2026-09-05 17:25:00,-5.0,5824.18
2026-09-05 17:30:00,-5.0,5857.17
2026-09-05 17:35:00,0.01,5954.4
2026-09-05 17:40:00,0.01,5850.85
2026-09-05 17:45:00,-5.0,5801.82
2026-09-05 17:50:00,0.01,5877.84
2026-09-05 17:55:00,0.01,5966.89
2026-09-05 18:00:00,0.01,6011.86
2026-09-05 18:05:00,0.01,6024.04
2026-09-05 18:10:00,0.01,5982.84
2026-09-05 18:15:00,0.01,6102.22
2026-09-05 18:20:00,0.01,6133.61
2026-09-05 18:25:00,0.0103,6138.61
2026-09-05 18:30:00,0.0103,6207.82
2026-09-05 18:35:00,8.94,6222.82
2026-09-05 18:40:00,8.94,6278.55
2026-09-05 18:45:00,8.94,6284.72
2026-09-05 18:50:00,0.0103,6153.17
2026-09-05 18:55:00,0.0103,6193.48
2026-09-05 19:00:00,9.05,6196.85
2026-09-05 19:05:00,8.94,6129.36
2026-09-05 19:10:00,0.0103,6148.92
2026-09-05 19:15:00,4.77078,6157.17
2026-09-05 19:20:00,1.15718,6190.88
2026-09-05 19:25:00,8.94,6199.63
2026-09-05 19:30:00,5.26777,6168.52
2026-09-05 19:35:00,0.01054,6090.6
2026-09-05 19:40:00,10.5,6076.31
2026-09-05 19:45:00,10.5,6065.18
2026-09-05 19:50:00,8.94,6023.51
2026-09-05 19:55:00,0.01055,6023.19
2026-09-05 20:00:00,0.01055,5990.29
2026-09-05 20:05:00,6.68795,5965.64
2026-09-05 20:10:00,0.01055,5933.99
2026-09-05 20:15:00,0.0103,5903.93
2026-09-05 20:20:00,0.0103,5983.07
2026-09-05 20:25:00,0.0103,5870.84
2026-09-05 20:30:00,0.0103,5936.33
2026-09-05 20:35:00,0.0103,5911.74
2026-09-05 20:40:00,0.0103,5861.73
2026-09-05 20:45:00,0.0103,5852.83
2026-09-05 20:50:00,0.0103,5824.06
2026-09-05 20:55:00,0.0103,5804.14
2026-09-05 21:00:00,0.01,5769.12
2026-09-05 21:05:00,0.0103,5729.21
2026-09-05 21:10:00,0.0103,5736.52
2026-09-05 21:15:00,0.0103,5713.51
2026-09-05 21:20:00,0.0103,5698.13
2026-09-05 21:25:00,0.0103,5722.55
2026-09-05 21:30:00,0.0103,5652.95
2026-09-05 21:35:00,0.0103,5664.68
2026-09-05 21:40:00,8.94,5633.23
2026-09-05 21:45:00,0.01055,5626.25
2026-09-05 21:50:00,0.01,5553.9
2026-09-05 21:55:00,0.01,5525.26
2026-09-05 22:00:00,0.01,5501.5
2026-09-05 22:05:00,0.0103,5451.86
2026-09-05 22:10:00,0.01,5430.87
2026-09-05 22:15:00,0.0103,5459.98
2026-09-05 22:20:00,0.01,5424.48
2026-09-05 22:25:00,0.0103,5351.3
2026-09-05 22:30:00,0.01055,5361.88
2026-09-05 22:35:00,0.0103,5319.49
2026-09-05 22:40:00,0.01,5289.86
2026-09-05 22:45:00,0.01,5257.15
2026-09-05 22:50:00,0.01,5232.0
2026-09-05 22:55:00,0.01,5202.7
2026-09-05 23:00:00,0.01,5201.26
2026-09-05 23:05:00,0.01,5221.12
2026-09-05 23:10:00,0.0103,5272.16
2026-09-05 23:15:00,8.94,5284.76
2026-09-05 23:20:00,0.01055,5284.13
2026-09-05 23:25:00,0.0103,5241.69
2026-09-05 23:30:00,0.01055,5268.65
2026-09-05 23:35:00,0.0103,5259.14
2026-09-05 23:40:00,0.0103,5233.09
2026-09-05 23:45:00,0.0103,5150.89
2026-09-05 23:50:00,0.0103,5145.41
2026-09-05 23:55:00,8.94,5099.04
2026-09-06 00:00:00,0.0103,5049.0
2026-09-06 00:05:00,8.94,5014.26
2026-09-06 00:10:00,8.94,5048.48
2026-09-06 00:15:00,0.01,4993.75
2026-09-06 00:20:00,0.0103,4985.17
2026-09-06 00:25:00,0.01055,4971.82
2026-09-06 00:30:00,8.94,5038.88
2026-09-06 00:35:00,8.94,5003.68
2026-09-06 00:40:00,8.94,4984.78
2026-09-06 00:45:00,8.94,4858.84
2026-09-06 00:50:00,8.94,4864.69
2026-09-06 00:55:00,8.94,4810.94
2026-09-06 01:00:00,8.94,4810.54
2026-09-06 01:05:00,8.94,4848.32
2026-09-06 01:10:00,8.94,4795.11
2026-09-06 01:15:00,8.94,4733.3
2026-09-06 01:20:00,8.94,4767.0
2026-09-06 01:25:00,8.94,4734.05
2026-09-06 01:30:00,8.94,4703.73
2026-09-06 01:35:00,9.81,4719.64
2026-09-06 01:40:00,8.94,4610.26
2026-09-06 01:45:00,10.5,4570.96
2026-09-06 01:50:00,10.5,4499.75
2026-09-06 01:55:00,10.5,4593.28
2026-09-06 02:00:00,10.5,4552.77
2026-09-06 02:05:00,9.7,4461.24
2026-09-06 02:10:00,10.65,4515.05
2026-09-06 02:15:00,10.5,4506.89
2026-09-06 02:20:00,10.5,4506.97
2026-09-06 02:25:00,10.5,4475.15
2026-09-06 02:30:00,8.94,4388.44
2026-09-06 02:35:00,8.94,4361.63
2026-09-06 02:40:00,8.94,4385.85
2026-09-06 02:45:00,10.5,4416.63
2026-09-06 02:50:00,10.5,4402.05
2026-09-06 02:55:00,10.50026,4406.37
2026-09-06 03:00:00,10.5,4359.2
2026-09-06 03:05:00,10.5,4396.54
2026-09-06 03:10:00,8.94,4270.5
2026-09-06 03:15:00,10.65,4269.04
2026-09-06 03:20:00,10.65,4281.2
2026-09-06 03:25:00,10.65,4319.22
2026-09-06 03:30:00,10.65,4364.69
2026-09-06 03:35:00,10.65,4346.4
2026-09-06 03:40:00,12.51,4357.6
2026-09-06 03:45:00,10.65,4354.37
2026-09-06 03:50:00,10.5,4344.94
2026-09-06 03:55:00,10.42974,4242.55
2026-09-06 04:00:00,10.65,4247.82
2026-09-06 04:05:00,10.65,4483.81
2026-09-06 04:10:00,10.5,4386.55
2026-09-06 04:15:00,10.5,4335.65
2026-09-06 04:20:00,10.65,4368.41
2026-09-06 04:25:00,12.97,4398.4
2026-09-06 04:30:00,13.26,4352.53
2026-09-06 04:35:00,12.96,4281.98
2026-09-06 04:40:00,12.5,4300.86
2026-09-06 04:45:00,31.95408,4348.12
2026-09-06 04:50:00,12.96,4331.28
2026-09-06 04:55:00,10.64994,4355.68
2026-09-06 05:00:00,12.96,4355.95
2026-09-06 05:05:00,22.67,4377.86
2026-09-06 05:10:00,12.96,4375.35
2026-09-06 05:15:00,12.5,4305.7
2026-09-06 05:20:00,12.96,4353.92
2026-09-06 05:25:00,35.3332,4465.3
2026-09-06 05:30:00,12.96,4464.54
2026-09-06 05:35:00,12.5,4451.5
2026-09-06 05:40:00,32.18,4535.4
2026-09-06 05:45:00,22.67,4588.58
2026-09-06 05:50:00,12.96,4617.1
2026-09-06 05:55:00,22.67,4552.57
2026-09-06 06:00:00,35.87,4581.33
2026-09-06 06:05:00,22.67,4583.71
2026-09-06 06:10:00,22.55201,4685.62
2026-09-06 06:15:00,35.87,4721.78
2026-09-06 06:20:00,28.23,4747.06
2026-09-06 06:25:00,35.87,4776.26
2026-09-06 06:30:00,35.87,4766.87
2026-09-06 06:35:00,32.18,4765.41
2026-09-06 06:40:00,32.18,4709.88
2026-09-06 06:45:00,32.18,4746.51
2026-09-06 06:50:00,32.18,4792.69
2026-09-06 06:55:00,32.18,4890.65
2026-09-06 07:00:00,35.87,4922.08
2026-09-06 07:05:00,32.18,4929.65
2026-09-06 07:10:00,32.18,4946.13
2026-09-06 07:15:00,32.18,5003.33
2026-09-06 07:20:00,14.516,5002.74
2026-09-06 07:25:00,14.76574,4946.14
2026-09-06 07:30:00,14.6718,4949.95
2026-09-06 07:35:00,24.0,4972.95
2026-09-06 07:40:00,32.18,5071.21
2026-09-06 07:45:00,32.18,5048.14
2026-09-06 07:50:00,32.18,5046.37
2026-09-06 07:55:00,24.82056,5030.63
2026-09-06 08:00:00,32.18,5046.84
2026-09-06 08:05:00,46.5,5041.21
2026-09-06 08:10:00,42.16581,5024.82
2026-09-06 08:15:00,45.38,4984.0
2026-09-06 08:20:00,63.63644,4978.73
2026-09-06 08:25:00,14.87963,4923.96
2026-09-06 08:30:00,14.57965,4932.49
2026-09-06 08:35:00,26.76037,4971.38
2026-09-06 08:40:00,32.18,4974.15
2026-09-06 08:45:00,14.58036,4956.84
2026-09-06 08:50:00,24.48372,4899.48
2026-09-06 08:55:00,24.51274,4884.71
2026-09-06 09:00:00,10.49948,4896.81
2026-09-06 09:05:00,10.65,4834.76
2026-09-06 09:10:00,14.33273,4807.28
2026-09-06 09:15:00,10.68994,4850.31
2026-09-06 09:20:00,10.5005,4846.39
2026-09-06 09:25:00,10.50024,4745.99
2026-09-06 09:30:00,17.12652,4716.05
2026-09-06 09:35:00,4.41,4737.87
2026-09-06 09:40:00,8.94,4643.28
2026-09-06 09:45:00,10.50026,4713.91
2026-09-06 09:50:00,10.50026,4701.68
2026-09-06 09:55:00,10.65,4779.87
2026-09-06 10:00:00,2.32144,4595.16
2026-09-06 10:05:00,10.65,4502.09
2026-09-06 10:10:00,13.75,4626.4
2026-09-06 10:15:00,8.35341,4473.95
2026-09-06 10:20:00,10.49997,4450.06
2026-09-06 10:25:00,10.64896,4412.47
2026-09-06 10:30:00,10.65,4429.51
2026-09-06 10:35:00,10.65,4432.23
2026-09-06 10:40:00,10.50047,4307.98
2026-09-06 10:45:00,28.09113,4414.17
2026-09-06 10:50:00,7.63687,4288.81
2026-09-06 10:55:00,10.49977,4366.39
2026-09-06 11:00:00,36.56828,4223.5
2026-09-06 11:05:00,10.65006,4147.11
2026-09-06 11:10:00,12.52,4417.62
2026-09-06 11:15:00,14.21,4456.99
2026-09-06 11:20:00,13.25756,4461.01
2026-09-06 11:25:00,23.77564,4527.35
2026-09-06 11:30:00,23.54868,4543.21
2026-09-06 11:35:00,23.33976,4486.0
2026-09-06 11:40:00,19.18,4492.35
2026-09-06 11:45:00,19.18,4552.01
2026-09-06 11:50:00,19.18,4495.01
2026-09-06 11:55:00,13.1756,4597.88
2026-09-06 12:00:00,13.18083,4570.63
2026-09-06 12:05:00,13.4915,4595.39
2026-09-06 12:10:00,14.08,4605.13
2026-09-06 12:15:00,13.25338,4601.71
2026-09-06 12:20:00,1.4,4498.44
2026-09-06 12:25:00,12.98,4454.78
2026-09-06 12:30:00,19.18,4626.25
2026-09-06 12:35:00,12.96,4477.74
2026-09-06 12:40:00,12.5,4283.31
2026-09-06 12:45:00,12.70685,4202.87
2026-09-06 12:50:00,19.18,4121.98
2026-09-06 12:55:00,10.89,3949.71
2026-09-06 13:00:00,12.5895,3947.47
2026-09-06 13:05:00,10.89,4036.47
2026-09-06 13:10:00,22.82222,4078.66
2026-09-06 13:15:00,19.1799,4168.02
2026-09-06 13:20:00,5.05,4107.63
2026-09-06 13:25:00,10.8061,4117.82
2026-09-06 13:30:00,13.40707,4348.12
2026-09-06 13:35:00,19.18,4420.79
2026-09-06 13:40:00,10.89,4145.82
2026-09-06 13:45:00,25.03326,4275.18
2026-09-06 13:50:00,24.20683,4136.79
2026-09-06 13:55:00,7.57996,4169.66
2026-09-06 14:00:00,4.42,4196.65
2026-09-06 14:05:00,24.36474,4256.24
2026-09-06 14:10:00,19.18012,4232.27
2026-09-06 14:15:00,22.12,4257.99
2026-09-06 14:20:00,19.18,4293.98
2026-09-06 14:25:00,22.12,4391.24
2026-09-06 14:30:00,22.12,4269.66
2026-09-06 14:35:00,19.18,4539.19
2026-09-06 14:40:00,19.18,4571.72
2026-09-06 14:45:00,10.89,4468.24
2026-09-06 14:50:00,10.65,4326.04
2026-09-06 14:55:00,19.17987,4349.8
2026-09-06 15:00:00,13.62,4290.69
2026-09-06 15:05:00,27.15537,4351.4
2026-09-06 15:10:00,8.3622,4205.99
2026-09-06 15:15:00,15.76697,4218.75
2026-09-06 15:20:00,19.18,4277.76
2026-09-06 15:25:00,27.86,4300.26
2026-09-06 15:30:00,21.13966,4335.91
2026-09-06 15:35:00,15.18502,4375.99
2026-09-06 15:40:00,19.18,4427.02
2026-09-06 15:45:00,30.28,4447.01
2026-09-06 15:50:00,41.56064,4370.68
2026-09-06 15:55:00,35.94,4521.21
2026-09-06 16:00:00,69.23467,4599.4
2026-09-06 16:05:00,12.5,4621.99
2026-09-06 16:10:00,23.86,4729.02
2026-09-06 16:15:00,54.29057,4813.82
2026-09-06 16:20:00,72.89171,4864.59
2026-09-06 16:25:00,88.8899,5019.29
2026-09-06 16:30:00,78.74799,5056.23
2026-09-06 16:35:00,67.19152,5160.5
2026-09-06 16:40:00,80.33088,5301.45
2026-09-06 16:45:00,82.08,5286.3
2026-09-06 16:50:00,86.84241,5274.11
2026-09-06 16:55:00,92.54468,5433.28
2026-09-06 17:00:00,96.73749,5533.16
2026-09-06 17:05:00,85.90018,5606.99
2026-09-06 17:10:00,88.19261,5652.09
2026-09-06 17:15:00,83.12061,5673.35
2026-09-06 17:20:00,88.53489,5684.86
2026-09-06 17:25:00,90.5,5788.35
2026-09-06 17:30:00,97.93924,5867.27
2026-09-06 17:35:00,100.53,5964.19
2026-09-06 17:40:00,100.53,6026.49
2026-09-06 17:45:00,106.18,6066.73
2026-09-06 17:50:00,106.18,6124.77
2026-09-06 17:55:00,102.27504,6162.67
2026-09-06 18:00:00,106.18,6141.87
2026-09-06 18:05:00,106.18,6247.16
2026-09-06 18:10:00,106.02491,6158.07
2026-09-06 18:15:00,103.42105,6209.24
2026-09-06 18:20:00,106.18,6275.15
2026-09-06 18:25:00,106.18,6369.07
2026-09-06 18:30:00,106.18,6325.88
2026-09-06 18:35:00,105.20909,6364.4
2026-09-06 18:40:00,95.96681,6395.56
2026-09-06 18:45:00,100.53,6404.66
2026-09-06 18:50:00,103.88713,6290.04
2026-09-06 18:55:00,98.64159,6302.22
2026-09-06 19:00:00,102.39167,6360.78
2026-09-06 19:05:00,101.72841,6354.39
2026-09-06 19:10:00,96.58499,6253.77
2026-09-06 19:15:00,90.29804,6255.78
2026-09-06 19:20:00,99.20757,6239.43
2026-09-06 19:25:00,100.34586,6253.6
2026-09-06 19:30:00,97.64535,6299.1
2026-09-06 19:35:00,90.5,6256.11
2026-09-06 19:40:00,100.53,6271.8
2026-09-06 19:45:00,100.90685,6258.88
2026-09-06 19:50:00,96.00759,6153.6
2026-09-06 19:55:00,96.1663,6147.4
2026-09-06 20:00:00,90.5,6155.31
2026-09-06 20:05:00,92.26025,6103.22
2026-09-06 20:10:00,100.72822,6095.45
2026-09-06 20:15:00,102.63978,6169.15
2026-09-06 20:20:00,104.60885,6149.72
2026-09-06 20:25:00,100.53,6035.93
2026-09-06 20:30:00,101.31117,6094.55
2026-09-06 20:35:00,106.06434,6061.71
2026-09-06 20:40:00,106.18,6074.77
2026-09-06 20:45:00,110.5,6042.65
2026-09-06 20:50:00,110.5,5992.82
2026-09-06 20:55:00,110.30952,5960.4
2026-09-06 21:00:00,105.61649,5912.77
2026-09-06 21:05:00,103.55844,5904.99
2026-09-06 21:10:00,106.20453,5949.48
2026-09-06 21:15:00,109.96355,5964.77
2026-09-06 21:20:00,110.5,5916.56
2026-09-06 21:25:00,103.50377,5910.94
2026-09-06 21:30:00,103.86743,5882.36
2026-09-06 21:35:00,104.34512,5897.52
2026-09-06 21:40:00,107.55797,5761.0
2026-09-06 21:45:00,100.89981,5724.0
2026-09-06 21:50:00,105.25184,5745.89
2026-09-06 21:55:00,105.12306,5710.55
2026-09-06 22:00:00,103.9818,5656.9
2026-09-06 22:05:00,90.67776,5584.82
2026-09-06 22:10:00,100.63769,5610.0
2026-09-06 22:15:00,90.5,5558.67
2026-09-06 22:20:00,97.31685,5469.56
2026-09-06 22:25:00,90.59183,5466.3
2026-09-06 22:30:00,90.5,5496.93
2026-09-06 22:35:00,89.0,5423.39
2026-09-06 22:40:00,90.5,5378.57
2026-09-06 22:45:00,95.82183,5377.32
2026-09-06 22:50:00,90.5,5380.74
2026-09-06 22:55:00,90.5,5317.23
2026-09-06 23:00:00,81.73964,5245.55
2026-09-06 23:05:00,90.5,5265.11
2026-09-06 23:10:00,90.65658,5377.97
2026-09-06 23:15:00,82.01542,5372.59
2026-09-06 23:20:00,79.65837,5337.62
2026-09-06 23:25:00,89.61515,5380.68
2026-09-06 23:30:00,82.98075,5396.69
2026-09-06 23:35:00,85.77481,5361.21
2026-09-06 23:40:00,90.37489,5232.33
2026-09-06 23:45:00,79.6764,5224.86
2026-09-06 23:50:00,93.2386,5257.73
2026-09-06 23:55:00,80.22582,5164.28
2026-09-07 00:00:00,71.71354,5105.52
2026-09-07 00:05:00,79.81472,5165.1
2026-09-07 00:10:00,78.91078,5212.57
2026-09-07 00:15:00,75.9776,5157.06
2026-09-07 00:20:00,69.07906,5163.94
2026-09-07 00:25:00,76.2324,5055.18
2026-09-07 00:30:00,77.13204,5137.8
2026-09-07 00:35:00,65.0,5103.38
2026-09-07 00:40:00,76.48749,5088.55
2026-09-07 00:45:00,65.13816,5065.64
2026-09-07 00:50:00,55.29,5063.05
2026-09-07 00:55:00,55.29,5097.88
2026-09-07 01:00:00,20.65,5151.19
2026-09-07 01:05:00,55.29,5149.16
2026-09-07 01:10:00,22.12,5206.54
2026-09-07 01:15:00,55.29,5204.74
2026-09-07 01:20:00,42.52111,5185.28
2026-09-07 01:25:00,55.29,5171.08
2026-09-07 01:30:00,27.05752,5004.91
2026-09-07 01:35:00,37.99813,5059.21
2026-09-07 01:40:00,39.80899,5043.55
2026-09-07 01:45:00,20.68,5112.36
2026-09-07 01:50:00,21.3516,5088.79
2026-09-07 01:55:00,22.12,5116.83
2026-09-07 02:00:00,14.0388,5109.36
2026-09-07 02:05:00,43.77589,5265.59
2026-09-07 02:10:00,52.78454,5105.56
2026-09-07 02:15:00,10.5,4806.96
2026-09-07 02:20:00,20.63,5030.2
2026-09-07 02:25:00,49.05568,4929.66
2026-09-07 02:30:00,55.29,4990.47
2026-09-07 02:35:00,8.5,4872.73
2026-09-07 02:40:00,22.12,5153.2
2026-09-07 02:45:00,22.12,5134.62
2026-09-07 02:50:00,12.5,5109.95
2026-09-07 02:55:00,22.12,4969.61
2026-09-07 03:00:00,22.12,4888.66
2026-09-07 03:05:00,55.29,4864.42
2026-09-07 03:10:00,55.29,4881.85
2026-09-07 03:15:00,22.12,4973.78
2026-09-07 03:20:00,0.01017,4693.09
2026-09-07 03:25:00,7.04,4776.97
2026-09-07 03:30:00,14.71542,5003.86
2026-09-07 03:35:00,13.19176,4962.25
2026-09-07 03:40:00,10.27994,5004.71
2026-09-07 03:45:00,0.67,4924.64
2026-09-07 03:50:00,8.85052,4761.13
2026-09-07 03:55:00,10.05996,4831.19
2026-09-07 04:00:00,4.61165,4791.85
2026-09-07 04:05:00,10.50052,4539.59
2026-09-07 04:10:00,10.65,4580.47
2026-09-07 04:15:00,10.65,4575.92
2026-09-07 04:20:00,22.12,4737.1
2026-09-07 04:25:00,12.96,4869.32
2026-09-07 04:30:00,20.65,4875.28
2026-09-07 04:35:00,12.96,4924.61
2026-09-07 04:40:00,12.96,4875.43
2026-09-07 04:45:00,37.10313,4774.22
2026-09-07 04:50:00,0.01022,4641.74
2026-09-07 04:55:00,22.12,4827.02
2026-09-07 05:00:00,10.50026,4630.93
2026-09-07 05:05:00,0.67,4689.31
2026-09-07 05:10:00,10.65,4690.27
2026-09-07 05:15:00,20.96975,4930.11
2026-09-07 05:20:00,22.12,4965.64
2026-09-07 05:25:00,22.12,5006.34
2026-09-07 05:30:00,22.12,4996.82
2026-09-07 05:35:00,22.12,4991.32
2026-09-07 05:40:00,43.44137,5123.29
2026-09-07 05:45:00,12.96,5035.62
2026-09-07 05:50:00,55.29,5115.96
2026-09-07 05:55:00,20.95589,4950.52
2026-09-07 06:00:00,22.12,5039.45
2026-09-07 06:05:00,53.13311,5184.73
2026-09-07 06:10:00,33.13837,5194.93
2026-09-07 06:15:00,44.89,5282.05
2026-09-07 06:20:00,22.67,5315.88
2026-09-07 06:25:00,45.38,5445.3
2026-09-07 06:30:00,45.38,5501.02
2026-09-07 06:35:00,44.88,5575.25
2026-09-07 06:40:00,31.17,5600.85
2026-09-07 06:45:00,45.38,5694.69
2026-09-07 06:50:00,45.42,5783.91
2026-09-07 06:55:00,48.18,5862.78
2026-09-07 07:00:00,48.18,5971.4
2026-09-07 07:05:00,45.38,6123.15
2026-09-07 07:10:00,42.29154,6154.44
2026-09-07 07:15:00,40.27342,6237.33
2026-09-07 07:20:00,41.75963,6249.34
2026-09-07 07:25:00,34.66583,6185.27
2026-09-07 07:30:00,42.12169,6268.74
2026-09-07 07:35:00,44.0,6255.24
2026-09-07 07:40:00,38.49606,6186.63
2026-09-07 07:45:00,39.64038,6261.59
2026-09-07 07:50:00,31.17,6209.73
2026-09-07 07:55:00,31.17,6178.46
2026-09-07 08:00:00,12.96,6093.66
2026-09-07 08:05:00,10.5,6087.24
2026-09-07 08:10:00,10.5,5968.69
2026-09-07 08:15:00,10.50026,5946.69
2026-09-07 08:20:00,10.65019,5887.79
2026-09-07 08:25:00,10.50026,5831.34
2026-09-07 08:30:00,10.50026,5915.7
2026-09-07 08:35:00,0.86341,5852.7
2026-09-07 08:40:00,7.12927,5795.87
2026-09-07 08:45:00,7.16573,5990.61
2026-09-07 08:50:00,1.4,6128.66
2026-09-07 08:55:00,1.4,6111.57
2026-09-07 09:00:00,0.67,6032.79
2026-09-07 09:05:00,5.05,6104.12
2026-09-07 10:00:00,0.0,6104.12
2026-09-07 10:05:00,0.0,6104.12
2026-09-07 10:10:00,0.0,6104.12
2026-09-07 10:15:00,0.0099,6104.12
2026-09-07 10:20:00,-0.54992,6104.12
2026-09-07 10:25:00,-0.55,6104.12
2026-09-07 10:30:00,0.00028,6104.12
2026-09-07 10:35:00,-0.55,6104.12
2026-09-07 10:40:00,-0.55,6104.12
2026-09-07 10:45:00,-0.55,6104.12
2026-09-07 10:50:00,0.00028,6104.12
2026-09-07 10:55:00,-0.55,6104.12
